 Network ic2_default Creating 
 Network ic2_default Created 
 Container ic2-app-1 Creating 
 Container ic2-app-1 Created 
Attaching to app-1
 Container ic2-app-1 Starting 
 Container ic2-app-1 Started 
app-1  | 2026-07-30 19:22:17.232448: I tensorflow/tsl/cuda/cudart_stub.cc:28] Could not find cuda drivers on your machine, GPU will not be used.
app-1  | 2026-07-30 19:22:17.301813: I tensorflow/tsl/cuda/cudart_stub.cc:28] Could not find cuda drivers on your machine, GPU will not be used.
app-1  | 2026-07-30 19:22:17.303228: I tensorflow/core/platform/cpu_feature_guard.cc:182] This TensorFlow binary is optimized to use available CPU instructions in performance-critical operations.
app-1  | To enable the following instructions: AVX2 FMA, in other operations, rebuild TensorFlow with the appropriate compiler flags.
app-1  | 2026-07-30 19:22:18.702307: W tensorflow/compiler/tf2tensorrt/utils/py_utils.cc:38] TF-TRT Warning: Could not find TensorRT
app-1  | Abordagem selecionada: dqn_filtrado
app-1  | 
app-1  | Epoch 1
app-1  | -------
app-1  | Total score episode 0: 1031.049999999992
app-1  | 
app-1  | Epoch 2
app-1  | -------
app-1  | Total score episode 1: 1315.8499999999901
app-1  | 
app-1  | Epoch 3
app-1  | -------
app-1  | Total score episode 2: 1723.9499999999873
app-1  | 
app-1  | Epoch 4
app-1  | -------
app-1  | Total score episode 3: 384.00000000001
app-1  | 
app-1  | Epoch 5
app-1  | -------
app-1  | Total score episode 4: 223.1000000000098
app-1  | 
app-1  | Epoch 6
app-1  | -------
app-1  | Total score episode 5: 228.60000000000943
app-1  | 
app-1  | Epoch 7
app-1  | -------
app-1  | Total score episode 6: 349.2500000000104
app-1  | 
app-1  | Epoch 8
app-1  | -------
app-1  | Total score episode 7: 1162.1999999999812
app-1  | 
app-1  | Epoch 9
app-1  | -------
app-1  | Total score episode 8: -12.799999999999637
app-1  | 
app-1  | Epoch 10
app-1  | -------
app-1  | Total score episode 9: 404.9000000000082
app-1  | 
app-1  | Epoch 11
app-1  | -------
app-1  | Total score episode 10: 1197.64999999998
app-1  | 
app-1  | Epoch 12
app-1  | -------
ic2-app-run-704b14fad412  | masks salvas: maca, caixa, player, cachorro

[Kic2-app-run-704b14fad412 exited with code 0
 Compose Stopping Aborting on container exit...
 Container ic2-app-1 Stopping 
app-1                     | 
  0%|          | 0/2000 [00:00<?, ?it/s]
  0%|          | 1/2000 [00:00<06:28,  5.15it/s]
  1%|          | 11/2000 [00:00<00:46, 42.54it/s]
  1%|          | 20/2000 [00:00<00:36, 54.84it/s]
  1%|▏         | 27/2000 [00:00<00:34, 57.03it/s]
  2%|▏         | 36/2000 [00:00<00:29, 66.02it/s]
  2%|▏         | 44/2000 [00:00<00:29, 66.54it/s]
  3%|▎         | 51/2000 [00:00<00:31, 61.74it/s]
  3%|▎         | 59/2000 [00:01<00:29, 66.38it/s]
  3%|▎         | 66/2000 [00:01<00:33, 58.42it/s]
  4%|▍         | 75/2000 [00:01<00:28, 66.39it/s]
  4%|▍         | 83/2000 [00:01<00:27, 69.92it/s]
  5%|▍         | 92/2000 [00:01<00:25, 74.24it/s]
  5%|▌         | 101/2000 [00:01<00:24, 76.40it/s]
  6%|▌         | 111/2000 [00:01<00:23, 81.11it/s]
  6%|▌         | 121/2000 [00:01<00:22, 84.07it/s]
  6%|▋         | 130/2000 [00:01<00:26, 71.86it/s]
  7%|▋         | 139/2000 [00:02<00:24, 75.33it/s]
  7%|▋         | 148/2000 [00:02<00:24, 76.96it/s]
  8%|▊         | 157/2000 [00:02<00:23, 79.41it/s]
  8%|▊         | 166/2000 [00:02<00:22, 80.19it/s]
  9%|▉         | 175/2000 [00:02<00:23, 76.61it/s]
  9%|▉         | 185/2000 [00:02<00:22, 80.79it/s]
 10%|▉         | 194/2000 [00:02<00:27, 65.31it/s]
 10%|█         | 203/2000 [00:02<00:25, 70.82it/s]
 11%|█         | 211/2000 [00:03<00:25, 70.61it/s]
 11%|█         | 220/2000 [00:03<00:23, 74.96it/s]
 11%|█▏        | 229/2000 [00:03<00:22, 77.96it/s]
 12%|█▏        | 238/2000 [00:03<00:22, 78.22it/s]
 12%|█▏        | 247/2000 [00:03<00:21, 80.58it/s]
 13%|█▎        | 256/2000 [00:03<00:21, 81.02it/s]
 13%|█▎        | 265/2000 [00:03<00:25, 68.80it/s]
 14%|█▎        | 274/2000 [00:03<00:23, 73.21it/s]
 14%|█▍        | 283/2000 [00:03<00:22, 77.36it/s]
 15%|█▍        | 292/2000 [00:04<00:21, 80.54it/s]
 15%|█▌        | 301/2000 [00:04<00:20, 82.99it/s]
 16%|█▌        | 311/2000 [00:04<00:20, 84.35it/s]
 16%|█▌        | 320/2000 [00:04<00:19, 85.59it/s]
 16%|█▋        | 329/2000 [00:04<00:24, 69.27it/s]
 17%|█▋        | 337/2000 [00:04<00:26, 62.59it/s]
 17%|█▋        | 344/2000 [00:04<00:30, 54.87it/s]
 18%|█▊        | 352/2000 [00:05<00:28, 58.44it/s]
 18%|█▊        | 361/2000 [00:05<00:25, 64.04it/s]
 18%|█▊        | 369/2000 [00:05<00:24, 67.45it/s]
 19%|█▉        | 377/2000 [00:05<00:23, 69.75it/s]
 19%|█▉        | 385/2000 [00:05<00:27, 58.89it/s]
 20%|█▉        | 392/2000 [00:05<00:26, 61.36it/s]
 20%|██        | 400/2000 [00:05<00:24, 65.41it/s]
 20%|██        | 407/2000 [00:05<00:24, 65.67it/s]
 21%|██        | 415/2000 [00:05<00:23, 68.64it/s]
 21%|██        | 423/2000 [00:06<00:22, 68.80it/s]
 22%|██▏       | 432/2000 [00:06<00:21, 74.51it/s]
 22%|██▏       | 441/2000 [00:06<00:20, 77.55it/s]
 22%|██▏       | 449/2000 [00:06<00:22, 67.51it/s]
 23%|██▎       | 457/2000 [00:06<00:21, 70.71it/s]
 23%|██▎       | 465/2000 [00:06<00:21, 73.01it/s]
 24%|██▎       | 473/2000 [00:06<00:20, 73.18it/s]
 24%|██▍       | 483/2000 [00:06<00:19, 79.21it/s]
 25%|██▍       | 492/2000 [00:06<00:20, 74.87it/s]
 25%|██▌       | 500/2000 [00:07<00:20, 74.08it/s]
 25%|██▌       | 508/2000 [00:07<00:20, 72.78it/s]
 26%|██▌       | 516/2000 [00:07<00:22, 65.58it/s]
 26%|██▌       | 524/2000 [00:07<00:21, 67.20it/s]
 27%|██▋       | 532/2000 [00:07<00:21, 69.25it/s]
 27%|██▋       | 540/2000 [00:07<00:20, 71.09it/s]
 27%|██▋       | 549/2000 [00:07<00:19, 76.13it/s]
 28%|██▊       | 558/2000 [00:07<00:18, 79.43it/s]
 28%|██▊       | 567/2000 [00:07<00:17, 81.05it/s]
 29%|██▉       | 576/2000 [00:08<00:17, 83.20it/s]
 29%|██▉       | 585/2000 [00:08<00:20, 68.97it/s]
 30%|██▉       | 594/2000 [00:08<00:19, 73.98it/s]
 30%|███       | 602/2000 [00:08<00:18, 73.96it/s]
 31%|███       | 611/2000 [00:08<00:18, 75.54it/s]
 31%|███       | 621/2000 [00:08<00:17, 78.88it/s]
 32%|███▏      | 631/2000 [00:08<00:16, 81.23it/s]
 32%|███▏      | 640/2000 [00:08<00:16, 83.16it/s]
 32%|███▏      | 649/2000 [00:09<00:19, 69.22it/s]
 33%|███▎      | 657/2000 [00:09<00:19, 70.11it/s]
 33%|███▎      | 665/2000 [00:09<00:18, 71.96it/s]
 34%|███▍      | 675/2000 [00:09<00:17, 77.92it/s]
 34%|███▍      | 684/2000 [00:09<00:17, 73.88it/s]
 35%|███▍      | 693/2000 [00:09<00:16, 77.74it/s]
 35%|███▌      | 703/2000 [00:09<00:15, 81.82it/s]
 36%|███▌      | 712/2000 [00:09<00:18, 69.26it/s]
 36%|███▌      | 720/2000 [00:10<00:17, 71.30it/s]
 36%|███▋      | 729/2000 [00:10<00:16, 75.29it/s]
 37%|███▋      | 738/2000 [00:10<00:15, 78.98it/s]
 37%|███▋      | 747/2000 [00:10<00:16, 78.22it/s]
 38%|███▊      | 755/2000 [00:10<00:16, 73.67it/s]
 38%|███▊      | 764/2000 [00:10<00:15, 77.59it/s]
 39%|███▊      | 772/2000 [00:10<00:19, 63.04it/s]
 39%|███▉      | 781/2000 [00:10<00:18, 67.45it/s]
 40%|███▉      | 790/2000 [00:11<00:16, 71.19it/s]
 40%|███▉      | 798/2000 [00:11<00:16, 72.45it/s]
 40%|████      | 806/2000 [00:11<00:16, 73.23it/s]
 41%|████      | 815/2000 [00:11<00:15, 76.83it/s]
 41%|████      | 823/2000 [00:11<00:15, 76.06it/s]
 42%|████▏     | 832/2000 [00:11<00:14, 78.58it/s]
 42%|████▏     | 840/2000 [00:11<00:17, 66.77it/s]
 42%|████▏     | 848/2000 [00:11<00:17, 64.82it/s]
 43%|████▎     | 857/2000 [00:11<00:16, 69.41it/s]
 43%|████▎     | 866/2000 [00:12<00:15, 73.07it/s]
 44%|████▎     | 874/2000 [00:12<00:15, 74.77it/s]
 44%|████▍     | 882/2000 [00:12<00:14, 74.58it/s]
 45%|████▍     | 892/2000 [00:12<00:13, 79.68it/s]
 45%|████▌     | 901/2000 [00:12<00:17, 64.34it/s]
 45%|████▌     | 908/2000 [00:12<00:17, 63.89it/s]
 46%|████▌     | 916/2000 [00:12<00:16, 67.21it/s]
 46%|████▌     | 924/2000 [00:12<00:15, 70.20it/s]
 47%|████▋     | 933/2000 [00:13<00:14, 71.78it/s]
 47%|████▋     | 941/2000 [00:13<00:15, 70.36it/s]
 47%|████▋     | 949/2000 [00:13<00:14, 72.26it/s]
 48%|████▊     | 957/2000 [00:13<00:14, 74.20it/s]
 48%|████▊     | 965/2000 [00:13<00:16, 62.40it/s]
 49%|████▊     | 972/2000 [00:13<00:16, 63.40it/s]
 49%|████▉     | 980/2000 [00:13<00:15, 64.26it/s]
 49%|████▉     | 989/2000 [00:13<00:14, 69.36it/s]
 50%|████▉     | 997/2000 [00:13<00:13, 72.12it/s]
 50%|█████     | 1005/2000 [00:14<00:13, 71.29it/s]
 51%|█████     | 1014/2000 [00:14<00:13, 74.80it/s]
 51%|█████     | 1022/2000 [00:14<00:13, 74.40it/s]
 52%|█████▏    | 1030/2000 [00:14<00:15, 64.51it/s]
 52%|█████▏    | 1037/2000 [00:14<00:14, 65.13it/s]
 52%|█████▏    | 1045/2000 [00:14<00:13, 68.38it/s]
 53%|█████▎    | 1053/2000 [00:14<00:13, 68.09it/s]
 53%|█████▎    | 1061/2000 [00:14<00:13, 69.11it/s]
 53%|█████▎    | 1069/2000 [00:15<00:13, 69.51it/s]
 54%|█████▍    | 1077/2000 [00:15<00:15, 60.85it/s]
 54%|█████▍    | 1085/2000 [00:15<00:14, 64.87it/s]
 55%|█████▍    | 1092/2000 [00:15<00:16, 55.34it/s]
 55%|█████▌    | 1100/2000 [00:15<00:15, 59.63it/s]
 55%|█████▌    | 1108/2000 [00:15<00:14, 62.93it/s]
 56%|█████▌    | 1116/2000 [00:15<00:13, 64.69it/s]
 56%|█████▌    | 1124/2000 [00:15<00:13, 66.77it/s]
 57%|█████▋    | 1131/2000 [00:16<00:13, 64.60it/s]
 57%|█████▋    | 1140/2000 [00:16<00:12, 71.26it/s]
 57%|█████▋    | 1148/2000 [00:16<00:12, 70.46it/s]
 58%|█████▊    | 1156/2000 [00:16<00:14, 58.72it/s]
 58%|█████▊    | 1163/2000 [00:16<00:13, 61.35it/s]
 59%|█████▊    | 1172/2000 [00:16<00:12, 66.87it/s]
 59%|█████▉    | 1180/2000 [00:16<00:11, 69.77it/s]
 59%|█████▉    | 1188/2000 [00:16<00:11, 70.91it/s]
 60%|█████▉    | 1197/2000 [00:16<00:10, 74.19it/s]
 60%|██████    | 1205/2000 [00:17<00:10, 75.57it/s]
 61%|██████    | 1213/2000 [00:17<00:10, 72.44it/s]
 61%|██████    | 1221/2000 [00:17<00:12, 62.32it/s]
 61%|██████▏   | 1229/2000 [00:17<00:11, 66.10it/s]
 62%|██████▏   | 1236/2000 [00:17<00:11, 64.71it/s]
 62%|██████▏   | 1243/2000 [00:17<00:12, 62.90it/s]
 63%|██████▎   | 1251/2000 [00:17<00:11, 65.12it/s]
 63%|██████▎   | 1259/2000 [00:17<00:11, 66.42it/s]
 63%|██████▎   | 1266/2000 [00:18<00:11, 66.09it/s]
 64%|██████▎   | 1273/2000 [00:18<00:11, 65.89it/s]
 64%|██████▍   | 1281/2000 [00:18<00:12, 57.73it/s]
 64%|██████▍   | 1288/2000 [00:18<00:11, 59.64it/s]
 65%|██████▍   | 1296/2000 [00:18<00:11, 62.15it/s]
 65%|██████▌   | 1303/2000 [00:18<00:11, 61.64it/s]
 66%|██████▌   | 1311/2000 [00:18<00:10, 66.19it/s]
 66%|██████▌   | 1320/2000 [00:18<00:09, 71.51it/s]
 66%|██████▋   | 1328/2000 [00:18<00:09, 71.68it/s]
 67%|██████▋   | 1336/2000 [00:19<00:09, 70.97it/s]
 67%|██████▋   | 1344/2000 [00:19<00:09, 72.18it/s]
 68%|██████▊   | 1352/2000 [00:19<00:10, 60.92it/s]
 68%|██████▊   | 1361/2000 [00:19<00:09, 66.38it/s]
 68%|██████▊   | 1368/2000 [00:19<00:09, 66.12it/s]
 69%|██████▉   | 1375/2000 [00:19<00:09, 65.68it/s]
 69%|██████▉   | 1382/2000 [00:19<00:10, 61.66it/s]
 69%|██████▉   | 1389/2000 [00:19<00:09, 61.29it/s]
 70%|██████▉   | 1398/2000 [00:20<00:08, 67.11it/s]
 70%|███████   | 1407/2000 [00:20<00:08, 70.51it/s]
 71%|███████   | 1415/2000 [00:20<00:10, 58.19it/s]
 71%|███████   | 1422/2000 [00:20<00:10, 57.45it/s]
 72%|███████▏  | 1430/2000 [00:20<00:09, 62.46it/s]
 72%|███████▏  | 1438/2000 [00:20<00:08, 64.55it/s]
 72%|███████▏  | 1446/2000 [00:20<00:08, 66.14it/s]
 73%|███████▎  | 1454/2000 [00:20<00:07, 69.67it/s]
 73%|███████▎  | 1462/2000 [00:21<00:07, 67.61it/s]
 73%|███████▎  | 1469/2000 [00:21<00:08, 65.87it/s]
 74%|███████▍  | 1476/2000 [00:21<00:09, 57.59it/s]
 74%|███████▍  | 1483/2000 [00:21<00:08, 59.90it/s]
 74%|███████▍  | 1490/2000 [00:21<00:08, 60.77it/s]
 75%|███████▍  | 1499/2000 [00:21<00:07, 67.25it/s]
 75%|███████▌  | 1507/2000 [00:21<00:07, 68.48it/s]
 76%|███████▌  | 1515/2000 [00:21<00:07, 68.74it/s]
 76%|███████▌  | 1522/2000 [00:21<00:06, 68.45it/s]
 77%|███████▋  | 1531/2000 [00:22<00:06, 72.09it/s]
 77%|███████▋  | 1539/2000 [00:22<00:07, 61.37it/s]
 77%|███████▋  | 1547/2000 [00:22<00:06, 65.88it/s]
 78%|███████▊  | 1554/2000 [00:22<00:06, 66.90it/s]
 78%|███████▊  | 1561/2000 [00:22<00:06, 65.50it/s]
 78%|███████▊  | 1569/2000 [00:22<00:06, 68.24it/s]
 79%|███████▉  | 1576/2000 [00:22<00:06, 65.25it/s]
 79%|███████▉  | 1583/2000 [00:22<00:06, 62.69it/s]
 80%|███████▉  | 1591/2000 [00:23<00:06, 63.36it/s]
 80%|███████▉  | 1599/2000 [00:23<00:06, 65.73it/s]
 80%|████████  | 1606/2000 [00:23<00:07, 55.22it/s]
 81%|████████  | 1613/2000 [00:23<00:06, 58.64it/s]
 81%|████████  | 1620/2000 [00:23<00:06, 59.99it/s]
 81%|████████▏ | 1628/2000 [00:23<00:05, 62.39it/s]
 82%|████████▏ | 1635/2000 [00:23<00:05, 64.35it/s]
 82%|████████▏ | 1644/2000 [00:23<00:05, 70.37it/s]
 83%|████████▎ | 1653/2000 [00:23<00:04, 73.08it/s]
 83%|████████▎ | 1661/2000 [00:24<00:04, 72.54it/s]
 83%|████████▎ | 1669/2000 [00:24<00:05, 58.52it/s]
 84%|████████▍ | 1676/2000 [00:24<00:05, 61.06it/s]
 84%|████████▍ | 1685/2000 [00:24<00:04, 65.79it/s]
 85%|████████▍ | 1692/2000 [00:24<00:04, 66.57it/s]
 85%|████████▍ | 1699/2000 [00:24<00:04, 64.11it/s]
 85%|████████▌ | 1706/2000 [00:24<00:05, 54.19it/s]
 86%|████████▌ | 1715/2000 [00:25<00:04, 61.24it/s]
 86%|████████▌ | 1722/2000 [00:25<00:04, 61.26it/s]
 86%|████████▋ | 1729/2000 [00:25<00:05, 52.08it/s]
 87%|████████▋ | 1736/2000 [00:25<00:04, 55.86it/s]
 87%|████████▋ | 1743/2000 [00:25<00:04, 59.13it/s]
 88%|████████▊ | 1751/2000 [00:25<00:04, 62.20it/s]
 88%|████████▊ | 1758/2000 [00:25<00:03, 62.97it/s]
 88%|████████▊ | 1766/2000 [00:25<00:03, 65.86it/s]
 89%|████████▊ | 1773/2000 [00:25<00:03, 64.65it/s]
 89%|████████▉ | 1780/2000 [00:26<00:03, 65.92it/s]
 89%|████████▉ | 1788/2000 [00:26<00:03, 67.97it/s]
 90%|████████▉ | 1795/2000 [00:26<00:03, 54.51it/s]
 90%|█████████ | 1801/2000 [00:26<00:03, 55.42it/s]
 90%|█████████ | 1809/2000 [00:26<00:03, 60.16it/s]
 91%|█████████ | 1817/2000 [00:26<00:02, 63.98it/s]
 91%|█████████▏| 1826/2000 [00:26<00:02, 69.39it/s]
 92%|█████████▏| 1834/2000 [00:26<00:02, 69.66it/s]
 92%|█████████▏| 1842/2000 [00:27<00:02, 69.23it/s]
 92%|█████████▎| 1850/2000 [00:27<00:02, 69.99it/s]
 93%|█████████▎| 1858/2000 [00:27<00:02, 59.21it/s]
 93%|█████████▎| 1865/2000 [00:27<00:02, 60.20it/s]
 94%|█████████▎| 1873/2000 [00:27<00:01, 64.31it/s]
 94%|█████████▍| 1881/2000 [00:27<00:01, 67.12it/s]
 94%|█████████▍| 1889/2000 [00:27<00:01, 67.67it/s]
 95%|█████████▍| 1896/2000 [00:27<00:01, 63.03it/s]
 95%|█████████▌| 1904/2000 [00:28<00:01, 67.15it/s]
 96%|█████████▌| 1911/2000 [00:28<00:01, 64.20it/s]
 96%|█████████▌| 1919/2000 [00:28<00:01, 66.00it/s]
 96%|█████████▋| 1926/2000 [00:28<00:01, 55.42it/s]
 97%|█████████▋| 1932/2000 [00:28<00:01, 56.07it/s]
 97%|█████████▋| 1940/2000 [00:28<00:00, 60.92it/s]
 97%|█████████▋| 1947/2000 [00:28<00:00, 59.60it/s]
 98%|█████████▊| 1954/2000 [00:28<00:00, 59.65it/s]
 98%|█████████▊| 1962/2000 [00:28<00:00, 64.93it/s]
 98%|█████████▊| 1969/2000 [00:29<00:00, 63.62it/s]
 99%|█████████▉| 1976/2000 [00:29<00:00, 64.37it/s]
 99%|█████████▉| 1983/2000 [00:29<00:00, 64.67it/s]
100%|█████████▉| 1990/2000 [00:29<00:00, 55.05it/s]
100%|█████████▉| 1997/2000 [00:29<00:00, 57.38it/s]
                                                   

  0%|          | 0/2000 [00:00<?, ?it/s]
  0%|          | 3/2000 [00:00<01:14, 26.80it/s]
  0%|          | 9/2000 [00:00<00:44, 45.07it/s]
  1%|          | 16/2000 [00:00<00:36, 54.03it/s]
  1%|          | 23/2000 [00:00<00:32, 59.99it/s]
  2%|▏         | 31/2000 [00:00<00:30, 63.86it/s]
  2%|▏         | 38/2000 [00:00<00:30, 64.89it/s]
  2%|▏         | 45/2000 [00:00<00:31, 62.16it/s]
  3%|▎         | 52/2000 [00:00<00:31, 62.05it/s]
  3%|▎         | 59/2000 [00:00<00:31, 61.26it/s]
  3%|▎         | 66/2000 [00:01<00:35, 53.81it/s]
  4%|▎         | 72/2000 [00:01<00:39, 49.29it/s]
  4%|▍         | 78/2000 [00:01<00:38, 50.24it/s]
  4%|▍         | 84/2000 [00:01<00:37, 51.76it/s]
  5%|▍         | 92/2000 [00:01<00:33, 56.66it/s]
  5%|▍         | 98/2000 [00:01<00:33, 56.24it/s]
  5%|▌         | 105/2000 [00:01<00:32, 58.67it/s]
  6%|▌         | 112/2000 [00:01<00:31, 60.34it/s]
  6%|▌         | 120/2000 [00:02<00:29, 64.44it/s]
  6%|▋         | 127/2000 [00:02<00:28, 65.70it/s]
  7%|▋         | 134/2000 [00:02<00:32, 56.71it/s]
  7%|▋         | 141/2000 [00:02<00:32, 57.51it/s]
  7%|▋         | 148/2000 [00:02<00:31, 59.55it/s]
  8%|▊         | 155/2000 [00:02<00:30, 60.94it/s]
  8%|▊         | 162/2000 [00:02<00:30, 60.52it/s]
  8%|▊         | 169/2000 [00:02<00:30, 59.54it/s]
  9%|▉         | 176/2000 [00:03<00:31, 57.42it/s]
  9%|▉         | 182/2000 [00:03<00:33, 53.53it/s]
  9%|▉         | 189/2000 [00:03<00:32, 56.11it/s]
 10%|▉         | 195/2000 [00:03<00:41, 43.74it/s]
 10%|█         | 200/2000 [00:03<00:45, 39.58it/s]
 10%|█         | 205/2000 [00:03<00:46, 38.92it/s]
 11%|█         | 212/2000 [00:03<00:40, 44.09it/s]
 11%|█         | 218/2000 [00:04<00:38, 46.60it/s]
 11%|█         | 223/2000 [00:04<00:40, 44.09it/s]
 11%|█▏        | 228/2000 [00:04<00:40, 43.60it/s]
 12%|█▏        | 236/2000 [00:04<00:33, 52.37it/s]
 12%|█▏        | 242/2000 [00:04<00:32, 53.47it/s]
 12%|█▏        | 249/2000 [00:04<00:30, 57.04it/s]
 13%|█▎        | 257/2000 [00:04<00:33, 51.75it/s]
 13%|█▎        | 263/2000 [00:04<00:32, 53.50it/s]
 14%|█▎        | 271/2000 [00:05<00:30, 57.00it/s]
 14%|█▍        | 279/2000 [00:05<00:28, 60.68it/s]
 14%|█▍        | 286/2000 [00:05<00:27, 61.37it/s]
 15%|█▍        | 293/2000 [00:05<00:27, 61.71it/s]
 15%|█▌        | 301/2000 [00:05<00:26, 64.35it/s]
 16%|█▌        | 310/2000 [00:05<00:24, 68.45it/s]
 16%|█▌        | 318/2000 [00:05<00:24, 69.80it/s]
 16%|█▋        | 326/2000 [00:05<00:27, 60.10it/s]
 17%|█▋        | 333/2000 [00:05<00:26, 62.11it/s]
 17%|█▋        | 340/2000 [00:06<00:27, 61.22it/s]
 17%|█▋        | 347/2000 [00:06<00:26, 61.76it/s]
 18%|█▊        | 355/2000 [00:06<00:25, 63.42it/s]
 18%|█▊        | 362/2000 [00:06<00:27, 60.20it/s]
 18%|█▊        | 369/2000 [00:06<00:28, 57.58it/s]
 19%|█▉        | 375/2000 [00:06<00:27, 58.12it/s]
 19%|█▉        | 382/2000 [00:06<00:27, 58.54it/s]
 19%|█▉        | 388/2000 [00:06<00:31, 50.90it/s]
 20%|█▉        | 394/2000 [00:07<00:32, 49.03it/s]
 20%|██        | 400/2000 [00:07<00:31, 50.95it/s]
 20%|██        | 408/2000 [00:07<00:28, 56.77it/s]
 21%|██        | 414/2000 [00:07<00:28, 56.39it/s]
 21%|██        | 420/2000 [00:07<00:28, 54.74it/s]
 21%|██▏       | 426/2000 [00:07<00:30, 51.76it/s]
 22%|██▏       | 432/2000 [00:07<00:30, 52.22it/s]
 22%|██▏       | 439/2000 [00:07<00:27, 56.57it/s]
 22%|██▏       | 446/2000 [00:07<00:25, 59.84it/s]
 23%|██▎       | 453/2000 [00:08<00:31, 48.67it/s]
 23%|██▎       | 459/2000 [00:08<00:31, 48.82it/s]
 23%|██▎       | 466/2000 [00:08<00:28, 53.96it/s]
 24%|██▎       | 474/2000 [00:08<00:25, 59.35it/s]
 24%|██▍       | 481/2000 [00:08<00:26, 57.96it/s]
 24%|██▍       | 487/2000 [00:08<00:26, 57.34it/s]
 25%|██▍       | 494/2000 [00:08<00:25, 59.67it/s]
 25%|██▌       | 502/2000 [00:08<00:23, 64.36it/s]
 25%|██▌       | 509/2000 [00:09<00:24, 61.40it/s]
 26%|██▌       | 516/2000 [00:09<00:28, 51.89it/s]
 26%|██▌       | 522/2000 [00:09<00:27, 53.61it/s]
 26%|██▋       | 530/2000 [00:09<00:25, 58.35it/s]
 27%|██▋       | 537/2000 [00:09<00:25, 57.44it/s]
 27%|██▋       | 543/2000 [00:09<00:26, 55.26it/s]
 28%|██▊       | 550/2000 [00:09<00:24, 58.62it/s]
 28%|██▊       | 556/2000 [00:09<00:25, 57.19it/s]
 28%|██▊       | 562/2000 [00:10<00:25, 55.36it/s]
 28%|██▊       | 568/2000 [00:10<00:25, 56.19it/s]
 29%|██▉       | 575/2000 [00:10<00:24, 57.70it/s]
 29%|██▉       | 581/2000 [00:10<00:28, 49.51it/s]
 29%|██▉       | 587/2000 [00:10<00:28, 49.82it/s]
 30%|██▉       | 593/2000 [00:10<00:27, 51.12it/s]
 30%|███       | 600/2000 [00:10<00:26, 53.56it/s]
 30%|███       | 607/2000 [00:10<00:24, 56.54it/s]
 31%|███       | 613/2000 [00:11<00:24, 55.51it/s]
 31%|███       | 620/2000 [00:11<00:24, 56.31it/s]
 31%|███▏      | 627/2000 [00:11<00:23, 59.15it/s]
 32%|███▏      | 635/2000 [00:11<00:21, 63.24it/s]
 32%|███▏      | 642/2000 [00:11<00:23, 56.69it/s]
 32%|███▏      | 649/2000 [00:11<00:22, 58.76it/s]
 33%|███▎      | 657/2000 [00:11<00:21, 62.08it/s]
 33%|███▎      | 665/2000 [00:11<00:20, 64.77it/s]
 34%|███▎      | 672/2000 [00:11<00:22, 59.69it/s]
 34%|███▍      | 679/2000 [00:12<00:23, 56.74it/s]
 34%|███▍      | 685/2000 [00:12<00:27, 48.39it/s]
 35%|███▍      | 692/2000 [00:12<00:24, 52.87it/s]
 35%|███▌      | 700/2000 [00:12<00:22, 57.62it/s]
 35%|███▌      | 707/2000 [00:12<00:25, 50.75it/s]
 36%|███▌      | 714/2000 [00:12<00:23, 54.08it/s]
 36%|███▌      | 721/2000 [00:12<00:22, 57.40it/s]
 36%|███▋      | 729/2000 [00:13<00:20, 62.24it/s]
 37%|███▋      | 736/2000 [00:13<00:19, 63.87it/s]
 37%|███▋      | 743/2000 [00:13<00:19, 65.09it/s]
 38%|███▊      | 750/2000 [00:13<00:18, 65.83it/s]
 38%|███▊      | 757/2000 [00:13<00:19, 65.10it/s]
 38%|███▊      | 764/2000 [00:13<00:19, 63.64it/s]
 39%|███▊      | 771/2000 [00:13<00:22, 53.50it/s]
 39%|███▉      | 778/2000 [00:13<00:21, 56.81it/s]
 39%|███▉      | 784/2000 [00:13<00:21, 57.39it/s]
 40%|███▉      | 791/2000 [00:14<00:20, 59.49it/s]
 40%|███▉      | 798/2000 [00:14<00:20, 57.46it/s]
 40%|████      | 804/2000 [00:14<00:20, 57.72it/s]
 41%|████      | 811/2000 [00:14<00:20, 57.66it/s]
 41%|████      | 818/2000 [00:14<00:19, 60.39it/s]
 41%|████▏     | 825/2000 [00:14<00:19, 61.06it/s]
 42%|████▏     | 833/2000 [00:14<00:21, 54.20it/s]
 42%|████▏     | 840/2000 [00:14<00:20, 57.34it/s]
 42%|████▏     | 846/2000 [00:15<00:20, 57.13it/s]
 43%|████▎     | 852/2000 [00:15<00:20, 56.66it/s]
 43%|████▎     | 858/2000 [00:15<00:19, 57.47it/s]
 43%|████▎     | 865/2000 [00:15<00:18, 60.35it/s]
 44%|████▎     | 872/2000 [00:15<00:18, 61.49it/s]
 44%|████▍     | 879/2000 [00:15<00:18, 61.30it/s]
 44%|████▍     | 886/2000 [00:15<00:17, 63.72it/s]
 45%|████▍     | 893/2000 [00:15<00:17, 63.05it/s]
 45%|████▌     | 900/2000 [00:15<00:21, 51.76it/s]
 45%|████▌     | 906/2000 [00:16<00:21, 52.02it/s]
 46%|████▌     | 913/2000 [00:16<00:19, 55.33it/s]
 46%|████▌     | 921/2000 [00:16<00:18, 58.83it/s]
 46%|████▋     | 928/2000 [00:16<00:18, 59.08it/s]
 47%|████▋     | 935/2000 [00:16<00:18, 57.64it/s]
 47%|████▋     | 941/2000 [00:16<00:18, 57.75it/s]
 47%|████▋     | 948/2000 [00:16<00:17, 59.40it/s]
 48%|████▊     | 954/2000 [00:16<00:18, 57.90it/s]
 48%|████▊     | 961/2000 [00:17<00:20, 50.39it/s]
 48%|████▊     | 968/2000 [00:17<00:18, 55.03it/s]
 49%|████▊     | 974/2000 [00:17<00:18, 55.59it/s]
 49%|████▉     | 981/2000 [00:17<00:17, 58.96it/s]
 49%|████▉     | 988/2000 [00:17<00:16, 59.94it/s]
 50%|████▉     | 995/2000 [00:17<00:17, 58.16it/s]
 50%|█████     | 1001/2000 [00:17<00:17, 57.67it/s]
 50%|█████     | 1008/2000 [00:17<00:16, 59.72it/s]
 51%|█████     | 1015/2000 [00:17<00:16, 58.76it/s]
 51%|█████     | 1022/2000 [00:18<00:16, 60.02it/s]
 51%|█████▏    | 1029/2000 [00:18<00:19, 50.87it/s]
 52%|█████▏    | 1036/2000 [00:18<00:17, 55.26it/s]
 52%|█████▏    | 1043/2000 [00:18<00:17, 55.86it/s]
 53%|█████▎    | 1051/2000 [00:18<00:15, 59.83it/s]
 53%|█████▎    | 1058/2000 [00:18<00:15, 60.49it/s]
 53%|█████▎    | 1065/2000 [00:18<00:15, 61.51it/s]
 54%|█████▎    | 1072/2000 [00:18<00:15, 59.34it/s]
 54%|█████▍    | 1079/2000 [00:19<00:15, 59.35it/s]
 54%|█████▍    | 1085/2000 [00:19<00:15, 57.96it/s]
 55%|█████▍    | 1091/2000 [00:19<00:18, 50.42it/s]
 55%|█████▍    | 1098/2000 [00:19<00:16, 54.87it/s]
 55%|█████▌    | 1105/2000 [00:19<00:15, 57.69it/s]
 56%|█████▌    | 1112/2000 [00:19<00:14, 59.64it/s]
 56%|█████▌    | 1119/2000 [00:19<00:14, 62.39it/s]
 56%|█████▋    | 1126/2000 [00:19<00:13, 62.88it/s]
 57%|█████▋    | 1134/2000 [00:19<00:13, 66.24it/s]
 57%|█████▋    | 1141/2000 [00:20<00:12, 66.14it/s]
 57%|█████▋    | 1148/2000 [00:20<00:12, 66.35it/s]
 58%|█████▊    | 1155/2000 [00:20<00:15, 55.13it/s]
 58%|█████▊    | 1162/2000 [00:20<00:14, 56.99it/s]
 58%|█████▊    | 1169/2000 [00:20<00:14, 58.98it/s]
 59%|█████▉    | 1176/2000 [00:20<00:14, 57.34it/s]
 59%|█████▉    | 1182/2000 [00:20<00:14, 57.57it/s]
 60%|█████▉    | 1190/2000 [00:20<00:13, 60.50it/s]
 60%|█████▉    | 1197/2000 [00:21<00:14, 56.36it/s]
 60%|██████    | 1203/2000 [00:21<00:16, 49.62it/s]
 60%|██████    | 1209/2000 [00:21<00:17, 45.98it/s]
 61%|██████    | 1214/2000 [00:21<00:16, 46.79it/s]
 61%|██████    | 1219/2000 [00:21<00:19, 39.96it/s]
 61%|██████▏   | 1226/2000 [00:21<00:16, 45.65it/s]
 62%|██████▏   | 1232/2000 [00:21<00:15, 48.89it/s]
 62%|██████▏   | 1238/2000 [00:21<00:15, 48.91it/s]
 62%|██████▏   | 1244/2000 [00:22<00:15, 47.34it/s]
 62%|██████▎   | 1250/2000 [00:22<00:14, 50.23it/s]
 63%|██████▎   | 1256/2000 [00:22<00:14, 51.81it/s]
 63%|██████▎   | 1263/2000 [00:22<00:13, 55.80it/s]
 64%|██████▎   | 1270/2000 [00:22<00:12, 59.15it/s]
 64%|██████▍   | 1277/2000 [00:22<00:12, 58.92it/s]
 64%|██████▍   | 1283/2000 [00:22<00:14, 50.39it/s]
 65%|██████▍   | 1291/2000 [00:22<00:12, 56.27it/s]
 65%|██████▍   | 1297/2000 [00:23<00:12, 55.65it/s]
 65%|██████▌   | 1303/2000 [00:23<00:12, 56.50it/s]
 66%|██████▌   | 1311/2000 [00:23<00:11, 59.10it/s]
 66%|██████▌   | 1317/2000 [00:23<00:14, 46.50it/s]
 66%|██████▌   | 1324/2000 [00:23<00:13, 51.02it/s]
 66%|██████▋   | 1330/2000 [00:23<00:12, 51.97it/s]
 67%|██████▋   | 1336/2000 [00:23<00:12, 52.68it/s]
 67%|██████▋   | 1342/2000 [00:23<00:12, 51.95it/s]
 67%|██████▋   | 1348/2000 [00:24<00:18, 35.63it/s]
 68%|██████▊   | 1354/2000 [00:24<00:16, 39.22it/s]
 68%|██████▊   | 1359/2000 [00:24<00:17, 37.37it/s]
 68%|██████▊   | 1364/2000 [00:24<00:18, 35.30it/s]
 68%|██████▊   | 1369/2000 [00:24<00:16, 38.01it/s]
 69%|██████▊   | 1374/2000 [00:24<00:18, 33.73it/s]
 69%|██████▉   | 1378/2000 [00:25<00:18, 32.87it/s]
 69%|██████▉   | 1382/2000 [00:25<00:19, 31.81it/s]
 69%|██████▉   | 1386/2000 [00:25<00:18, 33.57it/s]
 70%|██████▉   | 1391/2000 [00:25<00:17, 35.28it/s]
 70%|██████▉   | 1396/2000 [00:25<00:16, 37.56it/s]
 70%|███████   | 1400/2000 [00:25<00:15, 38.10it/s]
 70%|███████   | 1404/2000 [00:25<00:15, 37.68it/s]
 70%|███████   | 1409/2000 [00:25<00:18, 31.42it/s]
 71%|███████   | 1414/2000 [00:26<00:17, 34.04it/s]
 71%|███████   | 1420/2000 [00:26<00:14, 39.24it/s]
 71%|███████▏  | 1425/2000 [00:26<00:13, 41.24it/s]
 72%|███████▏  | 1430/2000 [00:26<00:13, 43.02it/s]
 72%|███████▏  | 1436/2000 [00:26<00:12, 45.55it/s]
 72%|███████▏  | 1442/2000 [00:26<00:11, 48.89it/s]
 72%|███████▏  | 1448/2000 [00:26<00:10, 50.32it/s]
 73%|███████▎  | 1454/2000 [00:26<00:10, 51.49it/s]
 73%|███████▎  | 1460/2000 [00:26<00:10, 53.80it/s]
 73%|███████▎  | 1466/2000 [00:27<00:09, 53.81it/s]
 74%|███████▎  | 1472/2000 [00:27<00:10, 50.98it/s]
 74%|███████▍  | 1478/2000 [00:27<00:12, 43.43it/s]
 74%|███████▍  | 1483/2000 [00:27<00:11, 44.63it/s]
 74%|███████▍  | 1488/2000 [00:27<00:11, 44.38it/s]
 75%|███████▍  | 1493/2000 [00:27<00:11, 43.09it/s]
 75%|███████▍  | 1498/2000 [00:27<00:11, 44.35it/s]
 75%|███████▌  | 1503/2000 [00:27<00:11, 42.35it/s]
 75%|███████▌  | 1508/2000 [00:28<00:12, 39.59it/s]
 76%|███████▌  | 1514/2000 [00:28<00:11, 43.87it/s]
 76%|███████▌  | 1520/2000 [00:28<00:10, 46.84it/s]
 76%|███████▋  | 1526/2000 [00:28<00:10, 47.38it/s]
 77%|███████▋  | 1531/2000 [00:28<00:13, 35.72it/s]
 77%|███████▋  | 1536/2000 [00:28<00:13, 34.87it/s]
 77%|███████▋  | 1540/2000 [00:29<00:16, 27.72it/s]
 77%|███████▋  | 1544/2000 [00:29<00:15, 29.58it/s]
 78%|███████▊  | 1551/2000 [00:29<00:11, 37.53it/s]
 78%|███████▊  | 1557/2000 [00:29<00:10, 42.42it/s]
 78%|███████▊  | 1562/2000 [00:29<00:10, 43.40it/s]
 78%|███████▊  | 1570/2000 [00:29<00:08, 50.81it/s]
 79%|███████▉  | 1576/2000 [00:29<00:08, 51.21it/s]
 79%|███████▉  | 1582/2000 [00:29<00:08, 52.18it/s]
 79%|███████▉  | 1589/2000 [00:29<00:07, 54.19it/s]
 80%|███████▉  | 1595/2000 [00:30<00:08, 48.37it/s]
 80%|████████  | 1601/2000 [00:30<00:10, 39.52it/s]
 80%|████████  | 1608/2000 [00:30<00:08, 45.58it/s]
 81%|████████  | 1614/2000 [00:30<00:08, 46.39it/s]
 81%|████████  | 1620/2000 [00:30<00:07, 48.76it/s]
 81%|████████▏ | 1626/2000 [00:30<00:07, 50.63it/s]
 82%|████████▏ | 1633/2000 [00:30<00:06, 54.07it/s]
 82%|████████▏ | 1639/2000 [00:30<00:06, 54.29it/s]
 82%|████████▏ | 1645/2000 [00:31<00:06, 52.25it/s]
 83%|████████▎ | 1651/2000 [00:31<00:06, 52.13it/s]
 83%|████████▎ | 1657/2000 [00:31<00:06, 53.33it/s]
 83%|████████▎ | 1663/2000 [00:31<00:06, 53.21it/s]
 83%|████████▎ | 1669/2000 [00:31<00:07, 44.45it/s]
 84%|████████▍ | 1675/2000 [00:31<00:06, 47.52it/s]
 84%|████████▍ | 1681/2000 [00:31<00:06, 48.64it/s]
 84%|████████▍ | 1687/2000 [00:31<00:06, 50.97it/s]
 85%|████████▍ | 1693/2000 [00:32<00:05, 51.81it/s]
 85%|████████▌ | 1700/2000 [00:32<00:05, 55.18it/s]
 85%|████████▌ | 1706/2000 [00:32<00:05, 51.36it/s]
 86%|████████▌ | 1712/2000 [00:32<00:05, 50.62it/s]
 86%|████████▌ | 1718/2000 [00:32<00:06, 45.99it/s]
 86%|████████▌ | 1723/2000 [00:32<00:06, 43.74it/s]
 86%|████████▋ | 1728/2000 [00:32<00:06, 43.23it/s]
 87%|████████▋ | 1733/2000 [00:33<00:06, 38.45it/s]
 87%|████████▋ | 1739/2000 [00:33<00:06, 42.56it/s]
 87%|████████▋ | 1744/2000 [00:33<00:06, 41.77it/s]
 88%|████████▊ | 1751/2000 [00:33<00:05, 45.98it/s]
 88%|████████▊ | 1757/2000 [00:33<00:04, 48.77it/s]
 88%|████████▊ | 1763/2000 [00:33<00:04, 49.20it/s]
 88%|████████▊ | 1768/2000 [00:33<00:05, 43.77it/s]
 89%|████████▊ | 1773/2000 [00:33<00:06, 35.18it/s]
 89%|████████▉ | 1779/2000 [00:34<00:05, 38.93it/s]
 89%|████████▉ | 1784/2000 [00:34<00:05, 40.65it/s]
 89%|████████▉ | 1789/2000 [00:34<00:04, 42.88it/s]
 90%|████████▉ | 1794/2000 [00:34<00:05, 36.64it/s]
 90%|████████▉ | 1799/2000 [00:34<00:05, 39.15it/s]
 90%|█████████ | 1804/2000 [00:34<00:04, 40.27it/s]
 90%|█████████ | 1810/2000 [00:34<00:04, 44.39it/s]
 91%|█████████ | 1816/2000 [00:34<00:03, 47.80it/s]
 91%|█████████ | 1822/2000 [00:35<00:03, 49.62it/s]
 91%|█████████▏| 1829/2000 [00:35<00:03, 53.59it/s]
 92%|█████████▏| 1835/2000 [00:35<00:03, 53.01it/s]
 92%|█████████▏| 1841/2000 [00:35<00:02, 53.16it/s]
 92%|█████████▏| 1847/2000 [00:35<00:02, 54.06it/s]
 93%|█████████▎| 1853/2000 [00:35<00:02, 51.99it/s]
 93%|█████████▎| 1859/2000 [00:35<00:03, 38.79it/s]
 93%|█████████▎| 1864/2000 [00:35<00:03, 37.53it/s]
 93%|█████████▎| 1869/2000 [00:36<00:03, 37.50it/s]
 94%|█████████▎| 1874/2000 [00:36<00:03, 37.72it/s]
 94%|█████████▍| 1879/2000 [00:36<00:03, 39.65it/s]
 94%|█████████▍| 1884/2000 [00:36<00:02, 39.99it/s]
 94%|█████████▍| 1889/2000 [00:36<00:02, 39.13it/s]
 95%|█████████▍| 1894/2000 [00:36<00:02, 40.23it/s]
 95%|█████████▍| 1899/2000 [00:36<00:02, 40.68it/s]
 95%|█████████▌| 1904/2000 [00:36<00:02, 41.56it/s]
 95%|█████████▌| 1909/2000 [00:37<00:02, 40.53it/s]
 96%|█████████▌| 1914/2000 [00:37<00:02, 41.23it/s]
 96%|█████████▌| 1919/2000 [00:37<00:01, 42.00it/s]
 96%|█████████▌| 1924/2000 [00:37<00:01, 38.91it/s]
 96%|█████████▋| 1930/2000 [00:37<00:01, 43.73it/s]
 97%|█████████▋| 1936/2000 [00:37<00:01, 46.43it/s]
 97%|█████████▋| 1941/2000 [00:37<00:01, 47.35it/s]
 97%|█████████▋| 1947/2000 [00:37<00:01, 47.66it/s]
 98%|█████████▊| 1952/2000 [00:38<00:01, 42.98it/s]
 98%|█████████▊| 1957/2000 [00:38<00:01, 42.54it/s]
 98%|█████████▊| 1962/2000 [00:38<00:00, 43.71it/s]
 98%|█████████▊| 1969/2000 [00:38<00:00, 48.06it/s]
 99%|█████████▉| 1975/2000 [00:38<00:00, 49.33it/s]
 99%|█████████▉| 1981/2000 [00:38<00:00, 51.26it/s]
 99%|█████████▉| 1987/2000 [00:38<00:00, 43.99it/s]
100%|█████████▉| 1993/2000 [00:38<00:00, 46.57it/s]
100%|█████████▉| 1998/2000 [00:39<00:00, 46.41it/s]
                                                   

  0%|          | 0/2000 [00:00<?, ?it/s]
  0%|          | 1/2000 [00:00<05:07,  6.50it/s]
  0%|          | 5/2000 [00:00<01:30, 22.13it/s]
  0%|          | 9/2000 [00:00<01:09, 28.68it/s]
  1%|          | 15/2000 [00:00<00:51, 38.64it/s]
  1%|          | 20/2000 [00:00<00:47, 42.04it/s]
  1%|▏         | 25/2000 [00:00<00:49, 40.19it/s]
  2%|▏         | 30/2000 [00:00<00:48, 40.78it/s]
  2%|▏         | 35/2000 [00:00<00:47, 41.78it/s]
  2%|▏         | 41/2000 [00:01<00:45, 43.26it/s]
  2%|▏         | 46/2000 [00:01<00:44, 43.80it/s]
  3%|▎         | 51/2000 [00:01<00:45, 43.23it/s]
  3%|▎         | 57/2000 [00:01<00:41, 46.85it/s]
  3%|▎         | 64/2000 [00:01<00:36, 52.69it/s]
  4%|▎         | 70/2000 [00:01<00:44, 43.54it/s]
  4%|▍         | 76/2000 [00:01<00:42, 45.79it/s]
  4%|▍         | 82/2000 [00:01<00:39, 48.12it/s]
  4%|▍         | 88/2000 [00:02<00:39, 48.24it/s]
  5%|▍         | 94/2000 [00:02<00:38, 48.97it/s]
  5%|▌         | 101/2000 [00:02<00:36, 52.73it/s]
  5%|▌         | 108/2000 [00:02<00:33, 56.69it/s]
  6%|▌         | 114/2000 [00:02<00:35, 53.84it/s]
  6%|▌         | 121/2000 [00:02<00:33, 55.65it/s]
  6%|▋         | 127/2000 [00:02<00:33, 56.66it/s]
  7%|▋         | 133/2000 [00:02<00:43, 42.64it/s]
  7%|▋         | 139/2000 [00:03<00:40, 45.59it/s]
  7%|▋         | 145/2000 [00:03<00:39, 47.13it/s]
  8%|▊         | 151/2000 [00:03<00:37, 49.87it/s]
  8%|▊         | 157/2000 [00:03<00:35, 52.23it/s]
  8%|▊         | 163/2000 [00:03<00:35, 51.18it/s]
  8%|▊         | 169/2000 [00:03<00:36, 50.79it/s]
  9%|▉         | 175/2000 [00:03<00:38, 47.49it/s]
  9%|▉         | 181/2000 [00:03<00:37, 48.17it/s]
  9%|▉         | 186/2000 [00:04<00:38, 47.11it/s]
 10%|▉         | 193/2000 [00:04<00:41, 43.02it/s]
 10%|▉         | 199/2000 [00:04<00:39, 45.66it/s]
 10%|█         | 204/2000 [00:04<00:39, 45.23it/s]
 10%|█         | 210/2000 [00:04<00:38, 46.61it/s]
 11%|█         | 216/2000 [00:04<00:36, 49.00it/s]
 11%|█         | 222/2000 [00:04<00:35, 49.72it/s]
 11%|█▏        | 228/2000 [00:04<00:35, 49.29it/s]
 12%|█▏        | 234/2000 [00:05<00:34, 51.88it/s]
 12%|█▏        | 240/2000 [00:05<00:34, 50.57it/s]
 12%|█▏        | 246/2000 [00:05<00:35, 49.51it/s]
 13%|█▎        | 252/2000 [00:05<00:33, 51.56it/s]
 13%|█▎        | 258/2000 [00:05<00:41, 41.76it/s]
 13%|█▎        | 263/2000 [00:05<00:40, 42.53it/s]
 13%|█▎        | 269/2000 [00:05<00:38, 44.57it/s]
 14%|█▎        | 274/2000 [00:05<00:37, 45.70it/s]
 14%|█▍        | 280/2000 [00:06<00:36, 47.76it/s]
 14%|█▍        | 286/2000 [00:06<00:34, 49.62it/s]
 15%|█▍        | 292/2000 [00:06<00:34, 49.67it/s]
 15%|█▍        | 298/2000 [00:06<00:34, 49.51it/s]
 15%|█▌        | 304/2000 [00:06<00:33, 50.00it/s]
 16%|█▌        | 310/2000 [00:06<00:32, 51.30it/s]
 16%|█▌        | 316/2000 [00:06<00:33, 50.19it/s]
 16%|█▌        | 322/2000 [00:06<00:39, 42.29it/s]
 16%|█▋        | 328/2000 [00:07<00:37, 44.89it/s]
 17%|█▋        | 334/2000 [00:07<00:34, 47.80it/s]
 17%|█▋        | 340/2000 [00:07<00:33, 49.09it/s]
 17%|█▋        | 346/2000 [00:07<00:33, 49.92it/s]
 18%|█▊        | 352/2000 [00:07<00:33, 49.89it/s]
 18%|█▊        | 358/2000 [00:07<00:32, 50.37it/s]
 18%|█▊        | 364/2000 [00:07<00:32, 50.08it/s]
 18%|█▊        | 370/2000 [00:07<00:32, 49.71it/s]
 19%|█▉        | 376/2000 [00:07<00:31, 51.03it/s]
 19%|█▉        | 382/2000 [00:08<00:33, 48.38it/s]
 19%|█▉        | 387/2000 [00:08<00:45, 35.16it/s]
 20%|█▉        | 392/2000 [00:08<00:44, 36.03it/s]
 20%|█▉        | 398/2000 [00:08<00:39, 40.34it/s]
 20%|██        | 404/2000 [00:08<00:37, 43.13it/s]
 20%|██        | 410/2000 [00:08<00:34, 45.76it/s]
 21%|██        | 416/2000 [00:08<00:32, 48.66it/s]
 21%|██        | 422/2000 [00:09<00:33, 47.67it/s]
 21%|██▏       | 427/2000 [00:09<00:33, 46.96it/s]
 22%|██▏       | 432/2000 [00:09<00:36, 42.45it/s]
 22%|██▏       | 437/2000 [00:09<00:38, 40.09it/s]
 22%|██▏       | 442/2000 [00:09<00:40, 38.16it/s]
 22%|██▏       | 447/2000 [00:09<00:39, 39.59it/s]
 23%|██▎       | 452/2000 [00:09<00:49, 31.55it/s]
 23%|██▎       | 456/2000 [00:10<00:47, 32.79it/s]
 23%|██▎       | 461/2000 [00:10<00:43, 35.07it/s]
 23%|██▎       | 466/2000 [00:10<00:41, 37.14it/s]
 24%|██▎       | 470/2000 [00:10<00:42, 36.38it/s]
 24%|██▍       | 475/2000 [00:10<00:39, 38.36it/s]
 24%|██▍       | 479/2000 [00:10<00:40, 37.88it/s]
 24%|██▍       | 483/2000 [00:10<00:40, 37.57it/s]
 24%|██▍       | 488/2000 [00:10<00:37, 40.40it/s]
 25%|██▍       | 493/2000 [00:10<00:35, 41.96it/s]
 25%|██▍       | 498/2000 [00:11<00:35, 42.27it/s]
 25%|██▌       | 503/2000 [00:11<00:36, 41.36it/s]
 25%|██▌       | 509/2000 [00:11<00:32, 45.33it/s]
 26%|██▌       | 514/2000 [00:11<00:40, 36.88it/s]
 26%|██▌       | 519/2000 [00:11<00:37, 39.34it/s]
 26%|██▌       | 524/2000 [00:11<00:36, 39.97it/s]
 26%|██▋       | 529/2000 [00:11<00:37, 39.07it/s]
 27%|██▋       | 534/2000 [00:12<00:42, 34.57it/s]
 27%|██▋       | 538/2000 [00:12<00:41, 35.23it/s]
 27%|██▋       | 542/2000 [00:12<00:47, 30.89it/s]
 27%|██▋       | 546/2000 [00:12<00:45, 31.71it/s]
 28%|██▊       | 551/2000 [00:12<00:40, 35.92it/s]
 28%|██▊       | 556/2000 [00:12<00:38, 37.55it/s]
 28%|██▊       | 560/2000 [00:12<00:39, 36.85it/s]
 28%|██▊       | 564/2000 [00:12<00:41, 34.72it/s]
 28%|██▊       | 568/2000 [00:13<00:41, 34.36it/s]
 29%|██▊       | 572/2000 [00:13<00:43, 32.74it/s]
 29%|██▉       | 577/2000 [00:13<00:50, 28.14it/s]
 29%|██▉       | 582/2000 [00:13<00:43, 32.40it/s]
 29%|██▉       | 588/2000 [00:13<00:37, 37.64it/s]
 30%|██▉       | 593/2000 [00:13<00:34, 40.37it/s]
 30%|██▉       | 599/2000 [00:13<00:31, 43.83it/s]
 30%|███       | 604/2000 [00:13<00:32, 43.50it/s]
 30%|███       | 610/2000 [00:14<00:29, 47.37it/s]
 31%|███       | 615/2000 [00:14<00:29, 47.58it/s]
 31%|███       | 620/2000 [00:14<00:30, 45.93it/s]
 31%|███▏      | 625/2000 [00:14<00:30, 45.74it/s]
 32%|███▏      | 630/2000 [00:14<00:29, 46.48it/s]
 32%|███▏      | 635/2000 [00:14<00:30, 44.60it/s]
 32%|███▏      | 641/2000 [00:14<00:40, 33.30it/s]
 32%|███▏      | 645/2000 [00:15<00:44, 30.59it/s]
 32%|███▏      | 649/2000 [00:15<00:45, 29.61it/s]
 33%|███▎      | 653/2000 [00:15<00:48, 27.83it/s]
 33%|███▎      | 656/2000 [00:15<00:48, 27.66it/s]
 33%|███▎      | 660/2000 [00:15<00:45, 29.38it/s]
 33%|███▎      | 664/2000 [00:15<00:47, 28.00it/s]
 33%|███▎      | 668/2000 [00:15<00:45, 29.54it/s]
 34%|███▎      | 672/2000 [00:16<00:49, 26.57it/s]
 34%|███▍      | 675/2000 [00:16<00:49, 26.76it/s]
 34%|███▍      | 679/2000 [00:16<00:47, 27.85it/s]
 34%|███▍      | 682/2000 [00:16<00:46, 28.35it/s]
 34%|███▍      | 685/2000 [00:16<00:46, 28.26it/s]
 34%|███▍      | 688/2000 [00:16<00:48, 26.90it/s]
 35%|███▍      | 692/2000 [00:16<00:43, 30.14it/s]
 35%|███▍      | 696/2000 [00:16<00:47, 27.33it/s]
 35%|███▌      | 700/2000 [00:17<00:43, 29.58it/s]
 35%|███▌      | 704/2000 [00:17<00:46, 28.10it/s]
 35%|███▌      | 707/2000 [00:17<00:56, 23.02it/s]
 36%|███▌      | 711/2000 [00:17<00:49, 25.82it/s]
 36%|███▌      | 715/2000 [00:17<00:44, 28.76it/s]
 36%|███▌      | 719/2000 [00:17<00:43, 29.57it/s]
 36%|███▌      | 723/2000 [00:17<00:43, 29.65it/s]
 36%|███▋      | 727/2000 [00:17<00:41, 30.65it/s]
 37%|███▋      | 731/2000 [00:18<00:44, 28.64it/s]
 37%|███▋      | 735/2000 [00:18<00:40, 31.07it/s]
 37%|███▋      | 739/2000 [00:18<00:39, 31.71it/s]
 37%|███▋      | 743/2000 [00:18<00:41, 30.45it/s]
 37%|███▋      | 747/2000 [00:18<00:38, 32.39it/s]
 38%|███▊      | 751/2000 [00:18<00:37, 32.95it/s]
 38%|███▊      | 756/2000 [00:18<00:34, 36.34it/s]
 38%|███▊      | 761/2000 [00:18<00:32, 38.65it/s]
 38%|███▊      | 766/2000 [00:19<00:30, 39.84it/s]
 39%|███▊      | 771/2000 [00:19<00:39, 30.87it/s]
 39%|███▉      | 776/2000 [00:19<00:35, 34.95it/s]
 39%|███▉      | 781/2000 [00:19<00:33, 36.85it/s]
 39%|███▉      | 786/2000 [00:19<00:31, 39.05it/s]
 40%|███▉      | 791/2000 [00:19<00:29, 41.28it/s]
 40%|███▉      | 796/2000 [00:19<00:28, 42.17it/s]
 40%|████      | 801/2000 [00:19<00:28, 42.29it/s]
 40%|████      | 806/2000 [00:20<00:28, 42.59it/s]
 41%|████      | 811/2000 [00:20<00:28, 42.38it/s]
 41%|████      | 816/2000 [00:20<00:27, 43.75it/s]
 41%|████      | 821/2000 [00:20<00:27, 43.19it/s]
 41%|████▏     | 826/2000 [00:20<00:27, 43.22it/s]
 42%|████▏     | 832/2000 [00:20<00:25, 46.45it/s]
 42%|████▏     | 837/2000 [00:20<00:30, 37.70it/s]
 42%|████▏     | 842/2000 [00:20<00:28, 40.12it/s]
 42%|████▏     | 847/2000 [00:21<00:27, 42.15it/s]
 43%|████▎     | 853/2000 [00:21<00:25, 44.78it/s]
 43%|████▎     | 859/2000 [00:21<00:24, 46.27it/s]
 43%|████▎     | 865/2000 [00:21<00:23, 48.44it/s]
 44%|████▎     | 871/2000 [00:21<00:23, 48.46it/s]
 44%|████▍     | 876/2000 [00:21<00:24, 45.85it/s]
 44%|████▍     | 881/2000 [00:21<00:26, 42.03it/s]
 44%|████▍     | 887/2000 [00:21<00:24, 45.05it/s]
 45%|████▍     | 893/2000 [00:22<00:23, 46.62it/s]
 45%|████▍     | 898/2000 [00:22<00:28, 38.18it/s]
 45%|████▌     | 903/2000 [00:22<00:27, 39.98it/s]
 46%|████▌     | 910/2000 [00:22<00:24, 45.00it/s]
 46%|████▌     | 916/2000 [00:22<00:22, 47.47it/s]
 46%|████▌     | 921/2000 [00:22<00:23, 46.61it/s]
 46%|████▋     | 926/2000 [00:22<00:22, 47.32it/s]
 47%|████▋     | 931/2000 [00:22<00:23, 45.69it/s]
 47%|████▋     | 936/2000 [00:23<00:22, 46.71it/s]
 47%|████▋     | 941/2000 [00:23<00:22, 47.30it/s]
 47%|████▋     | 946/2000 [00:23<00:22, 46.85it/s]
 48%|████▊     | 951/2000 [00:23<00:22, 46.47it/s]
 48%|████▊     | 957/2000 [00:23<00:21, 48.69it/s]
 48%|████▊     | 962/2000 [00:23<00:26, 38.73it/s]
 48%|████▊     | 968/2000 [00:23<00:24, 41.99it/s]
 49%|████▊     | 973/2000 [00:23<00:23, 42.90it/s]
 49%|████▉     | 979/2000 [00:23<00:22, 46.12it/s]
 49%|████▉     | 984/2000 [00:24<00:25, 39.86it/s]
 50%|████▉     | 990/2000 [00:24<00:23, 42.96it/s]
 50%|████▉     | 995/2000 [00:24<00:23, 42.71it/s]
 50%|█████     | 1001/2000 [00:24<00:22, 44.17it/s]
 50%|█████     | 1007/2000 [00:24<00:21, 46.44it/s]
 51%|█████     | 1013/2000 [00:24<00:20, 47.63it/s]
 51%|█████     | 1018/2000 [00:24<00:20, 47.03it/s]
 51%|█████     | 1023/2000 [00:24<00:20, 46.58it/s]
 51%|█████▏    | 1028/2000 [00:25<00:25, 37.90it/s]
 52%|█████▏    | 1033/2000 [00:25<00:24, 40.01it/s]
 52%|█████▏    | 1038/2000 [00:25<00:23, 40.30it/s]
 52%|█████▏    | 1043/2000 [00:25<00:22, 42.31it/s]
 52%|█████▏    | 1048/2000 [00:25<00:22, 42.45it/s]
 53%|█████▎    | 1053/2000 [00:25<00:21, 43.23it/s]
 53%|█████▎    | 1058/2000 [00:25<00:21, 43.82it/s]
 53%|█████▎    | 1063/2000 [00:25<00:20, 44.63it/s]
 53%|█████▎    | 1068/2000 [00:26<00:20, 44.76it/s]
 54%|█████▎    | 1073/2000 [00:26<00:20, 45.42it/s]
 54%|█████▍    | 1079/2000 [00:26<00:19, 46.90it/s]
 54%|█████▍    | 1084/2000 [00:26<00:19, 46.94it/s]
 54%|█████▍    | 1089/2000 [00:26<00:24, 37.42it/s]
 55%|█████▍    | 1094/2000 [00:26<00:22, 40.00it/s]
 55%|█████▌    | 1100/2000 [00:26<00:20, 44.53it/s]
 55%|█████▌    | 1105/2000 [00:26<00:20, 43.94it/s]
 56%|█████▌    | 1110/2000 [00:27<00:20, 42.47it/s]
 56%|█████▌    | 1115/2000 [00:27<00:21, 41.18it/s]
 56%|█████▌    | 1121/2000 [00:27<00:20, 42.86it/s]
 56%|█████▋    | 1127/2000 [00:27<00:19, 44.93it/s]
 57%|█████▋    | 1132/2000 [00:27<00:20, 42.66it/s]
 57%|█████▋    | 1137/2000 [00:27<00:20, 42.06it/s]
 57%|█████▋    | 1142/2000 [00:27<00:20, 41.77it/s]
 57%|█████▋    | 1147/2000 [00:27<00:20, 41.91it/s]
 58%|█████▊    | 1152/2000 [00:28<00:19, 42.86it/s]
 58%|█████▊    | 1157/2000 [00:28<00:24, 34.93it/s]
 58%|█████▊    | 1162/2000 [00:28<00:22, 37.48it/s]
 58%|█████▊    | 1167/2000 [00:28<00:20, 39.76it/s]
 59%|█████▊    | 1172/2000 [00:28<00:21, 39.23it/s]
 59%|█████▉    | 1178/2000 [00:28<00:19, 42.34it/s]
 59%|█████▉    | 1183/2000 [00:28<00:20, 39.87it/s]
 59%|█████▉    | 1188/2000 [00:28<00:19, 41.84it/s]
 60%|█████▉    | 1193/2000 [00:29<00:19, 41.57it/s]
 60%|█████▉    | 1198/2000 [00:29<00:18, 43.74it/s]
 60%|██████    | 1203/2000 [00:29<00:18, 42.40it/s]
 60%|██████    | 1208/2000 [00:29<00:18, 42.32it/s]
 61%|██████    | 1213/2000 [00:29<00:18, 42.46it/s]
 61%|██████    | 1218/2000 [00:29<00:23, 32.65it/s]
 61%|██████    | 1223/2000 [00:29<00:22, 35.14it/s]
 61%|██████▏   | 1228/2000 [00:29<00:20, 37.83it/s]
 62%|██████▏   | 1233/2000 [00:30<00:19, 39.12it/s]
 62%|██████▏   | 1238/2000 [00:30<00:18, 41.43it/s]
 62%|██████▏   | 1244/2000 [00:30<00:16, 44.74it/s]
 62%|██████▏   | 1249/2000 [00:30<00:16, 44.51it/s]
 63%|██████▎   | 1254/2000 [00:30<00:17, 43.54it/s]
 63%|██████▎   | 1259/2000 [00:30<00:17, 41.60it/s]
 63%|██████▎   | 1264/2000 [00:30<00:17, 41.54it/s]
 63%|██████▎   | 1269/2000 [00:30<00:17, 41.89it/s]
 64%|██████▎   | 1274/2000 [00:31<00:17, 40.33it/s]
 64%|██████▍   | 1279/2000 [00:31<00:18, 39.54it/s]
 64%|██████▍   | 1283/2000 [00:31<00:22, 31.69it/s]
 64%|██████▍   | 1288/2000 [00:31<00:20, 34.90it/s]
 65%|██████▍   | 1293/2000 [00:31<00:18, 37.59it/s]
 65%|██████▍   | 1298/2000 [00:31<00:17, 39.36it/s]
 65%|██████▌   | 1303/2000 [00:31<00:17, 39.21it/s]
 65%|██████▌   | 1308/2000 [00:31<00:17, 40.43it/s]
 66%|██████▌   | 1313/2000 [00:32<00:16, 41.06it/s]
 66%|██████▌   | 1318/2000 [00:32<00:16, 41.86it/s]
 66%|██████▌   | 1323/2000 [00:32<00:15, 42.45it/s]
 66%|██████▋   | 1328/2000 [00:32<00:15, 43.08it/s]
 67%|██████▋   | 1333/2000 [00:32<00:15, 44.19it/s]
 67%|██████▋   | 1339/2000 [00:32<00:14, 47.01it/s]
 67%|██████▋   | 1344/2000 [00:32<00:14, 44.56it/s]
 67%|██████▋   | 1349/2000 [00:32<00:18, 35.29it/s]
 68%|██████▊   | 1354/2000 [00:33<00:17, 37.22it/s]
 68%|██████▊   | 1359/2000 [00:33<00:16, 39.54it/s]
 68%|██████▊   | 1364/2000 [00:33<00:15, 40.84it/s]
 68%|██████▊   | 1369/2000 [00:33<00:14, 43.14it/s]
 69%|██████▊   | 1374/2000 [00:33<00:14, 44.48it/s]
 69%|██████▉   | 1379/2000 [00:33<00:13, 44.64it/s]
 69%|██████▉   | 1384/2000 [00:33<00:13, 44.83it/s]
 70%|██████▉   | 1390/2000 [00:33<00:12, 48.23it/s]
 70%|██████▉   | 1395/2000 [00:33<00:12, 46.64it/s]
 70%|███████   | 1400/2000 [00:34<00:12, 46.37it/s]
 70%|███████   | 1405/2000 [00:34<00:13, 45.08it/s]
 70%|███████   | 1410/2000 [00:34<00:15, 38.28it/s]
 71%|███████   | 1415/2000 [00:34<00:14, 39.61it/s]
 71%|███████   | 1420/2000 [00:34<00:13, 42.14it/s]
 71%|███████▏  | 1425/2000 [00:34<00:13, 43.13it/s]
 72%|███████▏  | 1430/2000 [00:34<00:13, 42.30it/s]
 72%|███████▏  | 1435/2000 [00:34<00:12, 43.63it/s]
 72%|███████▏  | 1440/2000 [00:35<00:12, 43.73it/s]
 72%|███████▏  | 1445/2000 [00:35<00:13, 42.33it/s]
 72%|███████▎  | 1450/2000 [00:35<00:13, 41.63it/s]
 73%|███████▎  | 1455/2000 [00:35<00:13, 41.59it/s]
 73%|███████▎  | 1460/2000 [00:35<00:13, 41.00it/s]
 73%|███████▎  | 1465/2000 [00:35<00:12, 41.43it/s]
 74%|███████▎  | 1470/2000 [00:35<00:12, 43.32it/s]
 74%|███████▍  | 1475/2000 [00:35<00:15, 34.31it/s]
 74%|███████▍  | 1480/2000 [00:36<00:14, 36.99it/s]
 74%|███████▍  | 1487/2000 [00:36<00:11, 43.05it/s]
 75%|███████▍  | 1493/2000 [00:36<00:11, 45.24it/s]
 75%|███████▍  | 1498/2000 [00:36<00:11, 45.53it/s]
 75%|███████▌  | 1503/2000 [00:36<00:11, 44.90it/s]
 75%|███████▌  | 1508/2000 [00:36<00:10, 45.40it/s]
 76%|███████▌  | 1514/2000 [00:36<00:10, 46.77it/s]
 76%|███████▌  | 1519/2000 [00:36<00:10, 47.53it/s]
 76%|███████▌  | 1524/2000 [00:36<00:10, 45.99it/s]
 76%|███████▋  | 1530/2000 [00:37<00:09, 48.32it/s]
 77%|███████▋  | 1536/2000 [00:37<00:09, 48.55it/s]
 77%|███████▋  | 1541/2000 [00:37<00:12, 38.20it/s]
 77%|███████▋  | 1547/2000 [00:37<00:11, 41.18it/s]
 78%|███████▊  | 1552/2000 [00:37<00:10, 41.44it/s]
 78%|███████▊  | 1557/2000 [00:37<00:10, 42.41it/s]
 78%|███████▊  | 1562/2000 [00:37<00:10, 43.74it/s]
 78%|███████▊  | 1567/2000 [00:37<00:09, 44.87it/s]
 79%|███████▊  | 1572/2000 [00:38<00:09, 43.94it/s]
 79%|███████▉  | 1577/2000 [00:38<00:09, 45.11it/s]
 79%|███████▉  | 1582/2000 [00:38<00:09, 44.87it/s]
 79%|███████▉  | 1587/2000 [00:38<00:09, 43.27it/s]
 80%|███████▉  | 1592/2000 [00:38<00:10, 37.86it/s]
 80%|███████▉  | 1596/2000 [00:38<00:10, 36.84it/s]
 80%|████████  | 1600/2000 [00:38<00:11, 36.36it/s]
 80%|████████  | 1604/2000 [00:39<00:13, 30.31it/s]
 80%|████████  | 1609/2000 [00:39<00:11, 33.61it/s]
 81%|████████  | 1613/2000 [00:39<00:11, 35.14it/s]
 81%|████████  | 1618/2000 [00:39<00:10, 38.06it/s]
 81%|████████  | 1623/2000 [00:39<00:09, 39.44it/s]
 82%|████████▏ | 1630/2000 [00:39<00:08, 45.21it/s]
 82%|████████▏ | 1635/2000 [00:39<00:07, 46.06it/s]
 82%|████████▏ | 1640/2000 [00:39<00:08, 44.76it/s]
 82%|████████▏ | 1645/2000 [00:39<00:07, 45.54it/s]
 82%|████████▎ | 1650/2000 [00:40<00:07, 45.52it/s]
 83%|████████▎ | 1655/2000 [00:40<00:08, 41.45it/s]
 83%|████████▎ | 1660/2000 [00:40<00:08, 39.15it/s]
 83%|████████▎ | 1665/2000 [00:40<00:10, 31.14it/s]
 83%|████████▎ | 1669/2000 [00:40<00:10, 31.31it/s]
 84%|████████▎ | 1674/2000 [00:40<00:09, 33.13it/s]
 84%|████████▍ | 1678/2000 [00:40<00:09, 34.22it/s]
 84%|████████▍ | 1682/2000 [00:41<00:09, 34.48it/s]
 84%|████████▍ | 1687/2000 [00:41<00:08, 36.47it/s]
 85%|████████▍ | 1691/2000 [00:41<00:09, 34.30it/s]
 85%|████████▍ | 1695/2000 [00:41<00:09, 33.05it/s]
 85%|████████▌ | 1700/2000 [00:41<00:08, 35.59it/s]
 85%|████████▌ | 1704/2000 [00:41<00:08, 35.88it/s]
 85%|████████▌ | 1708/2000 [00:41<00:08, 34.89it/s]
 86%|████████▌ | 1712/2000 [00:41<00:08, 32.66it/s]
 86%|████████▌ | 1716/2000 [00:42<00:08, 32.13it/s]
 86%|████████▌ | 1720/2000 [00:42<00:08, 31.64it/s]
 86%|████████▋ | 1725/2000 [00:42<00:07, 35.13it/s]
 86%|████████▋ | 1729/2000 [00:42<00:09, 27.42it/s]
 87%|████████▋ | 1733/2000 [00:42<00:08, 29.90it/s]
 87%|████████▋ | 1738/2000 [00:42<00:07, 34.24it/s]
 87%|████████▋ | 1742/2000 [00:42<00:07, 34.63it/s]
 87%|████████▋ | 1748/2000 [00:42<00:06, 38.42it/s]
 88%|████████▊ | 1752/2000 [00:43<00:06, 38.14it/s]
 88%|████████▊ | 1757/2000 [00:43<00:05, 40.65it/s]
 88%|████████▊ | 1762/2000 [00:43<00:05, 40.11it/s]
 88%|████████▊ | 1767/2000 [00:43<00:05, 42.12it/s]
 89%|████████▊ | 1773/2000 [00:43<00:05, 44.70it/s]
 89%|████████▉ | 1779/2000 [00:43<00:04, 46.59it/s]
 89%|████████▉ | 1784/2000 [00:43<00:04, 46.71it/s]
 90%|████████▉ | 1791/2000 [00:43<00:04, 49.83it/s]
 90%|████████▉ | 1796/2000 [00:44<00:05, 40.10it/s]
 90%|█████████ | 1801/2000 [00:44<00:04, 41.52it/s]
 90%|█████████ | 1806/2000 [00:44<00:04, 41.65it/s]
 91%|█████████ | 1811/2000 [00:44<00:04, 43.58it/s]
 91%|█████████ | 1817/2000 [00:44<00:03, 46.88it/s]
 91%|█████████ | 1822/2000 [00:44<00:03, 46.43it/s]
 91%|█████████▏| 1827/2000 [00:44<00:03, 46.53it/s]
 92%|█████████▏| 1832/2000 [00:44<00:03, 44.30it/s]
 92%|█████████▏| 1837/2000 [00:45<00:04, 40.30it/s]
 92%|█████████▏| 1842/2000 [00:45<00:04, 38.43it/s]
 92%|█████████▏| 1847/2000 [00:45<00:03, 40.83it/s]
 93%|█████████▎| 1852/2000 [00:45<00:03, 37.25it/s]
 93%|█████████▎| 1856/2000 [00:45<00:03, 36.64it/s]
 93%|█████████▎| 1860/2000 [00:45<00:05, 27.70it/s]
 93%|█████████▎| 1865/2000 [00:45<00:04, 32.28it/s]
 94%|█████████▎| 1870/2000 [00:46<00:03, 35.46it/s]
 94%|█████████▍| 1875/2000 [00:46<00:03, 38.59it/s]
 94%|█████████▍| 1881/2000 [00:46<00:02, 41.23it/s]
 94%|█████████▍| 1886/2000 [00:46<00:02, 43.37it/s]
 95%|█████████▍| 1891/2000 [00:46<00:02, 44.39it/s]
 95%|█████████▍| 1896/2000 [00:46<00:02, 45.66it/s]
 95%|█████████▌| 1901/2000 [00:46<00:02, 44.29it/s]
 95%|█████████▌| 1906/2000 [00:46<00:02, 45.68it/s]
 96%|█████████▌| 1912/2000 [00:46<00:01, 48.94it/s]
 96%|█████████▌| 1918/2000 [00:46<00:01, 50.34it/s]
 96%|█████████▌| 1924/2000 [00:47<00:02, 37.44it/s]
 96%|█████████▋| 1929/2000 [00:47<00:01, 39.40it/s]
 97%|█████████▋| 1934/2000 [00:47<00:01, 39.98it/s]
 97%|█████████▋| 1939/2000 [00:47<00:01, 41.02it/s]
 97%|█████████▋| 1944/2000 [00:47<00:01, 41.72it/s]
 98%|█████████▊| 1950/2000 [00:47<00:01, 45.73it/s]
 98%|█████████▊| 1955/2000 [00:47<00:00, 46.37it/s]
 98%|█████████▊| 1961/2000 [00:48<00:00, 47.54it/s]
 98%|█████████▊| 1967/2000 [00:48<00:00, 48.58it/s]
 99%|█████████▊| 1972/2000 [00:48<00:00, 45.76it/s]
 99%|█████████▉| 1977/2000 [00:48<00:00, 46.09it/s]
 99%|█████████▉| 1982/2000 [00:48<00:00, 43.63it/s]
 99%|█████████▉| 1987/2000 [00:48<00:00, 36.16it/s]
100%|█████████▉| 1991/2000 [00:48<00:00, 36.79it/s]
100%|█████████▉| 1996/2000 [00:48<00:00, 39.64it/s]
                                                   

  0%|          | 0/2000 [00:00<?, ?it/s]
  0%|          | 1/2000 [00:00<04:11,  7.94it/s]
  0%|          | 8/2000 [00:00<00:53, 37.49it/s]
  1%|          | 14/2000 [00:00<00:44, 44.34it/s]
  1%|          | 21/2000 [00:00<00:40, 48.77it/s]
  1%|▏         | 27/2000 [00:00<00:40, 48.61it/s]
  2%|▏         | 32/2000 [00:00<00:41, 47.63it/s]
  2%|▏         | 37/2000 [00:00<00:48, 40.47it/s]
  2%|▏         | 42/2000 [00:01<00:49, 39.43it/s]
  2%|▏         | 47/2000 [00:01<00:47, 41.03it/s]
  3%|▎         | 52/2000 [00:01<00:45, 42.37it/s]
  3%|▎         | 57/2000 [00:01<00:48, 40.43it/s]
  3%|▎         | 62/2000 [00:01<00:45, 42.65it/s]
  3%|▎         | 67/2000 [00:01<00:58, 32.94it/s]
  4%|▎         | 72/2000 [00:01<00:55, 35.01it/s]
  4%|▍         | 77/2000 [00:01<00:53, 36.19it/s]
  4%|▍         | 81/2000 [00:02<00:54, 35.50it/s]
  4%|▍         | 85/2000 [00:02<00:52, 36.29it/s]
  4%|▍         | 90/2000 [00:02<00:49, 38.22it/s]
  5%|▍         | 96/2000 [00:02<00:45, 41.79it/s]
  5%|▌         | 101/2000 [00:02<00:47, 39.95it/s]
  5%|▌         | 106/2000 [00:02<00:47, 40.28it/s]
  6%|▌         | 111/2000 [00:02<00:46, 40.61it/s]
  6%|▌         | 116/2000 [00:02<00:44, 42.59it/s]
  6%|▌         | 121/2000 [00:03<00:42, 43.97it/s]
  6%|▋         | 126/2000 [00:03<00:42, 44.48it/s]
  7%|▋         | 131/2000 [00:03<00:51, 36.27it/s]
  7%|▋         | 137/2000 [00:03<00:46, 40.27it/s]
  7%|▋         | 142/2000 [00:03<00:46, 39.62it/s]
  7%|▋         | 147/2000 [00:03<00:45, 40.86it/s]
  8%|▊         | 152/2000 [00:03<00:45, 40.88it/s]
  8%|▊         | 157/2000 [00:03<00:43, 42.60it/s]
  8%|▊         | 162/2000 [00:04<00:42, 43.36it/s]
  8%|▊         | 167/2000 [00:04<00:44, 41.30it/s]
  9%|▊         | 172/2000 [00:04<00:46, 39.52it/s]
  9%|▉         | 177/2000 [00:04<00:46, 39.57it/s]
  9%|▉         | 182/2000 [00:04<00:44, 40.53it/s]
  9%|▉         | 187/2000 [00:04<00:42, 42.57it/s]
 10%|▉         | 192/2000 [00:04<00:42, 42.06it/s]
 10%|▉         | 197/2000 [00:04<00:54, 33.02it/s]
 10%|█         | 202/2000 [00:05<00:50, 35.94it/s]
 10%|█         | 206/2000 [00:05<00:49, 36.57it/s]
 11%|█         | 211/2000 [00:05<00:46, 38.72it/s]
 11%|█         | 216/2000 [00:05<00:48, 36.84it/s]
 11%|█         | 220/2000 [00:05<00:55, 32.19it/s]
 11%|█         | 224/2000 [00:05<00:59, 29.97it/s]
 11%|█▏        | 228/2000 [00:05<01:00, 29.09it/s]
 12%|█▏        | 232/2000 [00:06<00:58, 30.13it/s]
 12%|█▏        | 236/2000 [00:06<00:57, 30.51it/s]
 12%|█▏        | 240/2000 [00:06<00:55, 31.85it/s]
 12%|█▏        | 244/2000 [00:06<00:55, 31.79it/s]
 12%|█▏        | 249/2000 [00:06<00:49, 35.72it/s]
 13%|█▎        | 253/2000 [00:06<00:51, 34.21it/s]
 13%|█▎        | 257/2000 [00:06<01:11, 24.51it/s]
 13%|█▎        | 260/2000 [00:07<01:08, 25.41it/s]
 13%|█▎        | 263/2000 [00:07<01:10, 24.75it/s]
 13%|█▎        | 266/2000 [00:07<01:17, 22.28it/s]
 13%|█▎        | 269/2000 [00:07<01:14, 23.26it/s]
 14%|█▎        | 272/2000 [00:07<01:15, 22.90it/s]
 14%|█▍        | 276/2000 [00:07<01:07, 25.72it/s]
 14%|█▍        | 279/2000 [00:07<01:05, 26.17it/s]
 14%|█▍        | 282/2000 [00:07<01:09, 24.88it/s]
 14%|█▍        | 285/2000 [00:08<01:09, 24.51it/s]
 14%|█▍        | 288/2000 [00:08<01:09, 24.53it/s]
 15%|█▍        | 291/2000 [00:08<01:09, 24.43it/s]
 15%|█▍        | 294/2000 [00:08<01:11, 24.02it/s]
 15%|█▍        | 297/2000 [00:08<01:06, 25.51it/s]
 15%|█▌        | 300/2000 [00:08<01:04, 26.21it/s]
 15%|█▌        | 303/2000 [00:08<01:04, 26.21it/s]
 15%|█▌        | 306/2000 [00:08<01:03, 26.57it/s]
 15%|█▌        | 309/2000 [00:09<01:03, 26.54it/s]
 16%|█▌        | 312/2000 [00:09<01:07, 24.92it/s]
 16%|█▌        | 315/2000 [00:09<01:05, 25.83it/s]
 16%|█▌        | 319/2000 [00:09<00:58, 28.77it/s]
 16%|█▌        | 322/2000 [00:09<01:12, 23.08it/s]
 16%|█▋        | 326/2000 [00:09<01:02, 26.96it/s]
 16%|█▋        | 330/2000 [00:09<00:55, 30.09it/s]
 17%|█▋        | 335/2000 [00:09<00:48, 34.19it/s]
 17%|█▋        | 340/2000 [00:09<00:44, 37.18it/s]
 17%|█▋        | 344/2000 [00:10<00:44, 37.34it/s]
 17%|█▋        | 349/2000 [00:10<00:43, 38.17it/s]
 18%|█▊        | 353/2000 [00:10<00:42, 38.47it/s]
 18%|█▊        | 358/2000 [00:10<00:40, 40.27it/s]
 18%|█▊        | 363/2000 [00:10<00:39, 41.65it/s]
 18%|█▊        | 368/2000 [00:10<00:38, 42.79it/s]
 19%|█▊        | 373/2000 [00:10<00:39, 41.70it/s]
 19%|█▉        | 378/2000 [00:10<00:40, 39.98it/s]
 19%|█▉        | 383/2000 [00:11<00:38, 41.55it/s]
 19%|█▉        | 388/2000 [00:11<00:44, 36.22it/s]
 20%|█▉        | 394/2000 [00:11<00:39, 40.30it/s]
 20%|█▉        | 399/2000 [00:11<00:38, 41.92it/s]
 20%|██        | 404/2000 [00:11<00:37, 42.31it/s]
 20%|██        | 409/2000 [00:11<00:36, 43.38it/s]
 21%|██        | 414/2000 [00:11<00:35, 44.73it/s]
 21%|██        | 419/2000 [00:11<00:36, 43.52it/s]
 21%|██        | 424/2000 [00:12<00:40, 38.68it/s]
 21%|██▏       | 429/2000 [00:12<00:43, 36.37it/s]
 22%|██▏       | 433/2000 [00:12<00:43, 36.25it/s]
 22%|██▏       | 437/2000 [00:12<00:45, 34.41it/s]
 22%|██▏       | 441/2000 [00:12<00:45, 34.28it/s]
 22%|██▏       | 446/2000 [00:12<00:42, 36.41it/s]
 22%|██▎       | 450/2000 [00:12<00:52, 29.33it/s]
 23%|██▎       | 455/2000 [00:13<00:47, 32.67it/s]
 23%|██▎       | 460/2000 [00:13<00:43, 35.08it/s]
 23%|██▎       | 465/2000 [00:13<00:39, 38.54it/s]
 24%|██▎       | 470/2000 [00:13<00:37, 40.64it/s]
 24%|██▍       | 475/2000 [00:13<00:36, 41.41it/s]
 24%|██▍       | 480/2000 [00:13<00:35, 42.51it/s]
 24%|██▍       | 485/2000 [00:13<00:36, 41.90it/s]
 24%|██▍       | 490/2000 [00:13<00:35, 43.06it/s]
 25%|██▍       | 495/2000 [00:13<00:35, 41.81it/s]
 25%|██▌       | 500/2000 [00:14<00:34, 43.84it/s]
 25%|██▌       | 505/2000 [00:14<00:34, 43.16it/s]
 26%|██▌       | 510/2000 [00:14<00:33, 44.97it/s]
 26%|██▌       | 515/2000 [00:14<00:46, 31.64it/s]
 26%|██▌       | 519/2000 [00:14<00:48, 30.83it/s]
 26%|██▌       | 523/2000 [00:14<00:45, 32.76it/s]
 26%|██▋       | 528/2000 [00:14<00:40, 35.94it/s]
 27%|██▋       | 533/2000 [00:14<00:39, 37.09it/s]
 27%|██▋       | 538/2000 [00:15<00:37, 38.55it/s]
 27%|██▋       | 543/2000 [00:15<00:38, 37.79it/s]
 27%|██▋       | 547/2000 [00:15<00:44, 32.57it/s]
 28%|██▊       | 551/2000 [00:15<00:45, 31.69it/s]
 28%|██▊       | 555/2000 [00:15<00:43, 33.15it/s]
 28%|██▊       | 559/2000 [00:15<00:43, 32.98it/s]
 28%|██▊       | 564/2000 [00:15<00:40, 35.58it/s]
 28%|██▊       | 569/2000 [00:16<00:37, 38.31it/s]
 29%|██▊       | 574/2000 [00:16<00:35, 40.48it/s]
 29%|██▉       | 579/2000 [00:16<00:40, 35.12it/s]
 29%|██▉       | 584/2000 [00:16<00:38, 37.24it/s]
 30%|██▉       | 590/2000 [00:16<00:34, 40.66it/s]
 30%|██▉       | 595/2000 [00:16<00:35, 39.65it/s]
 30%|███       | 600/2000 [00:16<00:35, 39.93it/s]
 30%|███       | 605/2000 [00:16<00:35, 39.71it/s]
 30%|███       | 610/2000 [00:17<00:38, 36.12it/s]
 31%|███       | 614/2000 [00:17<00:37, 36.86it/s]
 31%|███       | 619/2000 [00:17<00:34, 39.85it/s]
 31%|███       | 624/2000 [00:17<00:34, 39.74it/s]
 31%|███▏      | 629/2000 [00:17<00:34, 39.48it/s]
 32%|███▏      | 634/2000 [00:17<00:34, 39.86it/s]
 32%|███▏      | 639/2000 [00:17<00:32, 41.90it/s]
 32%|███▏      | 644/2000 [00:18<00:41, 32.37it/s]
 32%|███▏      | 648/2000 [00:18<00:40, 33.63it/s]
 33%|███▎      | 652/2000 [00:18<00:39, 34.21it/s]
 33%|███▎      | 657/2000 [00:18<00:36, 36.86it/s]
 33%|███▎      | 662/2000 [00:18<00:34, 39.10it/s]
 33%|███▎      | 667/2000 [00:18<00:33, 39.61it/s]
 34%|███▎      | 672/2000 [00:18<00:35, 37.64it/s]
 34%|███▍      | 677/2000 [00:18<00:33, 39.18it/s]
 34%|███▍      | 682/2000 [00:18<00:32, 40.64it/s]
 34%|███▍      | 687/2000 [00:19<00:31, 41.83it/s]
 35%|███▍      | 692/2000 [00:19<00:31, 41.28it/s]
 35%|███▍      | 697/2000 [00:19<00:35, 37.12it/s]
 35%|███▌      | 701/2000 [00:19<00:37, 35.09it/s]
 35%|███▌      | 705/2000 [00:19<00:46, 27.75it/s]
 35%|███▌      | 709/2000 [00:19<00:43, 29.92it/s]
 36%|███▌      | 714/2000 [00:19<00:38, 33.23it/s]
 36%|███▌      | 720/2000 [00:20<00:33, 38.36it/s]
 36%|███▋      | 725/2000 [00:20<00:33, 37.87it/s]
 36%|███▋      | 729/2000 [00:20<00:36, 35.07it/s]
 37%|███▋      | 733/2000 [00:20<00:38, 32.83it/s]
 37%|███▋      | 737/2000 [00:20<00:41, 30.65it/s]
 37%|███▋      | 741/2000 [00:20<00:44, 28.04it/s]
 37%|███▋      | 745/2000 [00:20<00:41, 30.05it/s]
 37%|███▋      | 749/2000 [00:21<00:42, 29.12it/s]
 38%|███▊      | 752/2000 [00:21<00:44, 28.20it/s]
 38%|███▊      | 757/2000 [00:21<00:38, 32.47it/s]
 38%|███▊      | 762/2000 [00:21<00:33, 36.84it/s]
 38%|███▊      | 767/2000 [00:21<00:31, 39.69it/s]
 39%|███▊      | 772/2000 [00:21<00:34, 35.48it/s]
 39%|███▉      | 777/2000 [00:21<00:31, 38.64it/s]
 39%|███▉      | 782/2000 [00:21<00:30, 40.35it/s]
 39%|███▉      | 788/2000 [00:21<00:27, 44.01it/s]
 40%|███▉      | 793/2000 [00:22<00:27, 43.95it/s]
 40%|███▉      | 798/2000 [00:22<00:26, 44.99it/s]
 40%|████      | 804/2000 [00:22<00:24, 48.53it/s]
 40%|████      | 809/2000 [00:22<00:24, 48.11it/s]
 41%|████      | 815/2000 [00:22<00:23, 49.49it/s]
 41%|████      | 821/2000 [00:22<00:23, 49.94it/s]
 41%|████▏     | 827/2000 [00:22<00:27, 42.15it/s]
 42%|████▏     | 832/2000 [00:23<00:34, 33.40it/s]
 42%|████▏     | 836/2000 [00:23<00:47, 24.26it/s]
 42%|████▏     | 840/2000 [00:23<00:45, 25.66it/s]
 42%|████▏     | 844/2000 [00:23<00:41, 27.88it/s]
 42%|████▏     | 849/2000 [00:23<00:36, 31.21it/s]
 43%|████▎     | 853/2000 [00:23<00:36, 31.40it/s]
 43%|████▎     | 858/2000 [00:23<00:32, 35.17it/s]
 43%|████▎     | 863/2000 [00:24<00:29, 37.92it/s]
 43%|████▎     | 868/2000 [00:24<00:28, 39.09it/s]
 44%|████▎     | 873/2000 [00:24<00:28, 40.22it/s]
 44%|████▍     | 878/2000 [00:24<00:26, 42.52it/s]
 44%|████▍     | 883/2000 [00:24<00:25, 43.10it/s]
 44%|████▍     | 888/2000 [00:24<00:24, 44.50it/s]
 45%|████▍     | 893/2000 [00:24<00:25, 43.07it/s]
 45%|████▍     | 898/2000 [00:25<00:36, 30.52it/s]
 45%|████▌     | 902/2000 [00:25<00:34, 32.09it/s]
 45%|████▌     | 906/2000 [00:25<00:34, 31.40it/s]
 46%|████▌     | 911/2000 [00:25<00:31, 34.51it/s]
 46%|████▌     | 915/2000 [00:25<00:32, 32.95it/s]
 46%|████▌     | 919/2000 [00:25<00:33, 32.11it/s]
 46%|████▌     | 923/2000 [00:25<00:33, 31.72it/s]
 46%|████▋     | 928/2000 [00:25<00:30, 35.02it/s]
 47%|████▋     | 932/2000 [00:26<00:29, 35.75it/s]
 47%|████▋     | 936/2000 [00:26<00:29, 35.72it/s]
 47%|████▋     | 941/2000 [00:26<00:27, 38.57it/s]
 47%|████▋     | 946/2000 [00:26<00:25, 41.11it/s]
 48%|████▊     | 951/2000 [00:26<00:27, 38.16it/s]
 48%|████▊     | 956/2000 [00:26<00:26, 39.78it/s]
 48%|████▊     | 961/2000 [00:26<00:35, 29.25it/s]
 48%|████▊     | 965/2000 [00:26<00:33, 30.60it/s]
 48%|████▊     | 970/2000 [00:27<00:30, 33.57it/s]
 49%|████▊     | 974/2000 [00:27<00:29, 34.80it/s]
 49%|████▉     | 979/2000 [00:27<00:26, 38.28it/s]
 49%|████▉     | 984/2000 [00:27<00:25, 39.14it/s]
 49%|████▉     | 989/2000 [00:27<00:26, 38.66it/s]
 50%|████▉     | 994/2000 [00:27<00:24, 40.35it/s]
 50%|█████     | 1000/2000 [00:27<00:22, 45.17it/s]
 50%|█████     | 1005/2000 [00:27<00:23, 41.95it/s]
 50%|█████     | 1010/2000 [00:28<00:24, 40.54it/s]
 51%|█████     | 1015/2000 [00:28<00:23, 42.82it/s]
 51%|█████     | 1021/2000 [00:28<00:21, 45.63it/s]
 51%|█████▏    | 1026/2000 [00:28<00:25, 38.09it/s]
 52%|█████▏    | 1031/2000 [00:28<00:31, 30.73it/s]
 52%|█████▏    | 1035/2000 [00:28<00:34, 28.14it/s]
 52%|█████▏    | 1041/2000 [00:28<00:28, 33.27it/s]
 52%|█████▏    | 1047/2000 [00:29<00:24, 38.44it/s]
 53%|█████▎    | 1054/2000 [00:29<00:21, 44.45it/s]
 53%|█████▎    | 1060/2000 [00:29<00:19, 47.24it/s]
 53%|█████▎    | 1066/2000 [00:29<00:20, 46.10it/s]
 54%|█████▎    | 1071/2000 [00:29<00:20, 46.19it/s]
 54%|█████▍    | 1077/2000 [00:29<00:19, 47.99it/s]
 54%|█████▍    | 1083/2000 [00:29<00:18, 50.62it/s]
 54%|█████▍    | 1089/2000 [00:29<00:20, 44.43it/s]
 55%|█████▍    | 1095/2000 [00:30<00:19, 46.19it/s]
 55%|█████▌    | 1101/2000 [00:30<00:19, 46.72it/s]
 55%|█████▌    | 1107/2000 [00:30<00:18, 48.79it/s]
 56%|█████▌    | 1113/2000 [00:30<00:17, 49.40it/s]
 56%|█████▌    | 1119/2000 [00:30<00:17, 50.51it/s]
 56%|█████▋    | 1125/2000 [00:30<00:17, 50.16it/s]
 57%|█████▋    | 1131/2000 [00:30<00:17, 49.31it/s]
 57%|█████▋    | 1137/2000 [00:30<00:17, 50.42it/s]
 57%|█████▋    | 1143/2000 [00:31<00:16, 51.89it/s]
 57%|█████▋    | 1149/2000 [00:31<00:16, 51.84it/s]
 58%|█████▊    | 1155/2000 [00:31<00:19, 44.06it/s]
 58%|█████▊    | 1161/2000 [00:31<00:18, 46.50it/s]
 58%|█████▊    | 1167/2000 [00:31<00:17, 47.31it/s]
 59%|█████▊    | 1172/2000 [00:31<00:19, 42.82it/s]
 59%|█████▉    | 1177/2000 [00:31<00:19, 41.62it/s]
 59%|█████▉    | 1182/2000 [00:31<00:19, 41.43it/s]
 59%|█████▉    | 1188/2000 [00:32<00:18, 44.45it/s]
 60%|█████▉    | 1193/2000 [00:32<00:17, 45.72it/s]
 60%|█████▉    | 1199/2000 [00:32<00:16, 47.32it/s]
 60%|██████    | 1204/2000 [00:32<00:17, 46.55it/s]
 60%|██████    | 1210/2000 [00:32<00:16, 49.07it/s]
 61%|██████    | 1216/2000 [00:32<00:15, 50.24it/s]
 61%|██████    | 1222/2000 [00:32<00:17, 43.57it/s]
 61%|██████▏   | 1228/2000 [00:32<00:16, 46.45it/s]
 62%|██████▏   | 1234/2000 [00:33<00:15, 48.29it/s]
 62%|██████▏   | 1240/2000 [00:33<00:15, 50.52it/s]
 62%|██████▏   | 1246/2000 [00:33<00:14, 52.06it/s]
 63%|██████▎   | 1252/2000 [00:33<00:14, 51.37it/s]
 63%|██████▎   | 1259/2000 [00:33<00:13, 55.09it/s]
 63%|██████▎   | 1265/2000 [00:33<00:13, 53.94it/s]
 64%|██████▎   | 1271/2000 [00:33<00:13, 53.46it/s]
 64%|██████▍   | 1277/2000 [00:33<00:13, 54.37it/s]
 64%|██████▍   | 1283/2000 [00:33<00:15, 45.93it/s]
 64%|██████▍   | 1288/2000 [00:34<00:15, 46.38it/s]
 65%|██████▍   | 1294/2000 [00:34<00:14, 48.27it/s]
 65%|██████▍   | 1299/2000 [00:34<00:15, 46.24it/s]
 65%|██████▌   | 1304/2000 [00:34<00:15, 44.73it/s]
 65%|██████▌   | 1309/2000 [00:34<00:15, 44.97it/s]
 66%|██████▌   | 1314/2000 [00:34<00:15, 44.25it/s]
 66%|██████▌   | 1320/2000 [00:34<00:14, 45.87it/s]
 66%|██████▋   | 1325/2000 [00:34<00:14, 45.90it/s]
 67%|██████▋   | 1331/2000 [00:35<00:14, 47.61it/s]
 67%|██████▋   | 1337/2000 [00:35<00:13, 48.99it/s]
 67%|██████▋   | 1343/2000 [00:35<00:13, 50.00it/s]
 67%|██████▋   | 1349/2000 [00:35<00:16, 39.76it/s]
 68%|██████▊   | 1355/2000 [00:35<00:15, 42.66it/s]
 68%|██████▊   | 1361/2000 [00:35<00:13, 45.80it/s]
 68%|██████▊   | 1367/2000 [00:35<00:13, 48.48it/s]
 69%|██████▊   | 1373/2000 [00:35<00:13, 46.54it/s]
 69%|██████▉   | 1379/2000 [00:36<00:12, 47.82it/s]
 69%|██████▉   | 1385/2000 [00:36<00:12, 48.80it/s]
 70%|██████▉   | 1391/2000 [00:36<00:12, 50.05it/s]
 70%|██████▉   | 1398/2000 [00:36<00:11, 52.91it/s]
 70%|███████   | 1404/2000 [00:36<00:10, 54.72it/s]
 70%|███████   | 1410/2000 [00:36<00:13, 43.66it/s]
 71%|███████   | 1415/2000 [00:36<00:13, 42.39it/s]
 71%|███████   | 1421/2000 [00:36<00:12, 46.58it/s]
 71%|███████▏  | 1427/2000 [00:37<00:11, 49.15it/s]
 72%|███████▏  | 1433/2000 [00:37<00:11, 50.45it/s]
 72%|███████▏  | 1439/2000 [00:37<00:11, 48.65it/s]
 72%|███████▏  | 1445/2000 [00:37<00:13, 40.57it/s]
 72%|███████▎  | 1450/2000 [00:37<00:13, 41.44it/s]
 73%|███████▎  | 1455/2000 [00:37<00:13, 40.54it/s]
 73%|███████▎  | 1460/2000 [00:37<00:12, 42.61it/s]
 73%|███████▎  | 1465/2000 [00:37<00:12, 41.22it/s]
 74%|███████▎  | 1470/2000 [00:38<00:13, 38.19it/s]
 74%|███████▎  | 1474/2000 [00:38<00:19, 27.05it/s]
 74%|███████▍  | 1478/2000 [00:38<00:18, 28.47it/s]
 74%|███████▍  | 1482/2000 [00:38<00:17, 29.65it/s]
 74%|███████▍  | 1488/2000 [00:38<00:14, 34.97it/s]
 75%|███████▍  | 1492/2000 [00:38<00:14, 35.00it/s]
 75%|███████▍  | 1496/2000 [00:38<00:14, 35.46it/s]
 75%|███████▌  | 1501/2000 [00:39<00:12, 38.60it/s]
 75%|███████▌  | 1507/2000 [00:39<00:11, 43.32it/s]
 76%|███████▌  | 1512/2000 [00:39<00:11, 43.55it/s]
 76%|███████▌  | 1517/2000 [00:39<00:11, 42.52it/s]
 76%|███████▌  | 1522/2000 [00:39<00:10, 44.21it/s]
 76%|███████▋  | 1528/2000 [00:39<00:09, 48.02it/s]
 77%|███████▋  | 1533/2000 [00:39<00:09, 47.65it/s]
 77%|███████▋  | 1538/2000 [00:39<00:12, 35.80it/s]
 77%|███████▋  | 1544/2000 [00:40<00:11, 39.88it/s]
 78%|███████▊  | 1550/2000 [00:40<00:10, 43.82it/s]
 78%|███████▊  | 1556/2000 [00:40<00:09, 46.37it/s]
 78%|███████▊  | 1561/2000 [00:40<00:09, 47.16it/s]
 78%|███████▊  | 1568/2000 [00:40<00:08, 51.54it/s]
 79%|███████▊  | 1574/2000 [00:40<00:08, 51.08it/s]
 79%|███████▉  | 1581/2000 [00:40<00:07, 53.30it/s]
 79%|███████▉  | 1587/2000 [00:40<00:07, 53.47it/s]
 80%|███████▉  | 1593/2000 [00:40<00:07, 52.74it/s]
 80%|███████▉  | 1599/2000 [00:41<00:07, 54.08it/s]
 80%|████████  | 1605/2000 [00:41<00:08, 45.35it/s]
 80%|████████  | 1610/2000 [00:41<00:09, 42.78it/s]
 81%|████████  | 1615/2000 [00:41<00:08, 42.92it/s]
 81%|████████  | 1621/2000 [00:41<00:08, 46.35it/s]
 81%|████████▏ | 1627/2000 [00:41<00:07, 47.77it/s]
 82%|████████▏ | 1632/2000 [00:41<00:07, 47.29it/s]
 82%|████████▏ | 1639/2000 [00:41<00:07, 51.48it/s]
 82%|████████▏ | 1645/2000 [00:42<00:06, 52.44it/s]
 83%|████████▎ | 1651/2000 [00:42<00:06, 50.30it/s]
 83%|████████▎ | 1657/2000 [00:42<00:06, 50.37it/s]
 83%|████████▎ | 1663/2000 [00:42<00:07, 47.78it/s]
 83%|████████▎ | 1668/2000 [00:42<00:09, 35.63it/s]
 84%|████████▎ | 1673/2000 [00:42<00:08, 38.44it/s]
 84%|████████▍ | 1679/2000 [00:42<00:07, 43.40it/s]
 84%|████████▍ | 1685/2000 [00:43<00:06, 46.85it/s]
 85%|████████▍ | 1691/2000 [00:43<00:06, 49.37it/s]
 85%|████████▍ | 1697/2000 [00:43<00:06, 49.44it/s]
 85%|████████▌ | 1703/2000 [00:43<00:05, 49.92it/s]
 85%|████████▌ | 1709/2000 [00:43<00:05, 51.12it/s]
 86%|████████▌ | 1715/2000 [00:43<00:05, 52.32it/s]
 86%|████████▌ | 1721/2000 [00:43<00:05, 49.00it/s]
 86%|████████▋ | 1726/2000 [00:43<00:05, 48.53it/s]
 87%|████████▋ | 1731/2000 [00:44<00:06, 40.64it/s]
 87%|████████▋ | 1737/2000 [00:44<00:05, 45.16it/s]
 87%|████████▋ | 1743/2000 [00:44<00:05, 48.48it/s]
 87%|████████▋ | 1749/2000 [00:44<00:05, 49.25it/s]
 88%|████████▊ | 1755/2000 [00:44<00:04, 51.80it/s]
 88%|████████▊ | 1761/2000 [00:44<00:04, 53.26it/s]
 88%|████████▊ | 1767/2000 [00:44<00:04, 53.06it/s]
 89%|████████▊ | 1773/2000 [00:44<00:04, 53.51it/s]
 89%|████████▉ | 1779/2000 [00:44<00:04, 54.95it/s]
 89%|████████▉ | 1785/2000 [00:44<00:03, 54.29it/s]
 90%|████████▉ | 1791/2000 [00:45<00:04, 47.09it/s]
 90%|████████▉ | 1796/2000 [00:45<00:05, 38.76it/s]
 90%|█████████ | 1801/2000 [00:45<00:04, 40.71it/s]
 90%|█████████ | 1807/2000 [00:45<00:04, 45.00it/s]
 91%|█████████ | 1813/2000 [00:45<00:03, 47.26it/s]
 91%|█████████ | 1819/2000 [00:45<00:03, 49.34it/s]
 91%|█████████▏| 1825/2000 [00:45<00:03, 50.73it/s]
 92%|█████████▏| 1831/2000 [00:45<00:03, 52.50it/s]
 92%|█████████▏| 1837/2000 [00:46<00:03, 48.09it/s]
 92%|█████████▏| 1843/2000 [00:46<00:03, 49.41it/s]
 92%|█████████▏| 1849/2000 [00:46<00:03, 44.89it/s]
 93%|█████████▎| 1855/2000 [00:46<00:03, 46.73it/s]
 93%|█████████▎| 1860/2000 [00:46<00:03, 41.73it/s]
 93%|█████████▎| 1865/2000 [00:46<00:03, 43.48it/s]
 94%|█████████▎| 1871/2000 [00:46<00:02, 47.52it/s]
 94%|█████████▍| 1877/2000 [00:46<00:02, 50.64it/s]
 94%|█████████▍| 1883/2000 [00:47<00:02, 52.03it/s]
 94%|█████████▍| 1890/2000 [00:47<00:01, 55.42it/s]
 95%|█████████▍| 1896/2000 [00:47<00:01, 54.39it/s]
 95%|█████████▌| 1902/2000 [00:47<00:01, 54.43it/s]
 95%|█████████▌| 1908/2000 [00:47<00:01, 53.23it/s]
 96%|█████████▌| 1914/2000 [00:47<00:01, 54.57it/s]
 96%|█████████▌| 1920/2000 [00:47<00:01, 54.04it/s]
 96%|█████████▋| 1926/2000 [00:47<00:01, 46.38it/s]
 97%|█████████▋| 1932/2000 [00:48<00:01, 49.43it/s]
 97%|█████████▋| 1938/2000 [00:48<00:01, 50.91it/s]
 97%|█████████▋| 1944/2000 [00:48<00:01, 51.80it/s]
 98%|█████████▊| 1951/2000 [00:48<00:00, 54.73it/s]
 98%|█████████▊| 1957/2000 [00:48<00:00, 55.38it/s]
 98%|█████████▊| 1963/2000 [00:48<00:00, 56.00it/s]
 98%|█████████▊| 1970/2000 [00:48<00:00, 57.80it/s]
 99%|█████████▉| 1976/2000 [00:48<00:00, 56.15it/s]
 99%|█████████▉| 1982/2000 [00:48<00:00, 55.87it/s]
 99%|█████████▉| 1988/2000 [00:49<00:00, 48.32it/s]
100%|█████████▉| 1994/2000 [00:49<00:00, 49.77it/s]
                                                   

  0%|          | 0/2000 [00:00<?, ?it/s]
  0%|          | 2/2000 [00:00<01:47, 18.55it/s]
  0%|          | 8/2000 [00:00<00:48, 41.34it/s]
  1%|          | 14/2000 [00:00<00:41, 48.17it/s]
  1%|          | 20/2000 [00:00<00:37, 52.38it/s]
  1%|▏         | 26/2000 [00:00<00:37, 53.25it/s]
  2%|▏         | 32/2000 [00:00<00:36, 53.85it/s]
  2%|▏         | 39/2000 [00:00<00:34, 57.15it/s]
  2%|▏         | 45/2000 [00:00<00:35, 55.38it/s]
  3%|▎         | 51/2000 [00:00<00:36, 53.22it/s]
  3%|▎         | 57/2000 [00:01<00:39, 48.68it/s]
  3%|▎         | 63/2000 [00:01<00:38, 50.37it/s]
  3%|▎         | 69/2000 [00:01<00:46, 41.97it/s]
  4%|▍         | 75/2000 [00:01<00:43, 44.53it/s]
  4%|▍         | 81/2000 [00:01<00:40, 46.89it/s]
  4%|▍         | 87/2000 [00:01<00:38, 49.39it/s]
  5%|▍         | 93/2000 [00:01<00:37, 50.99it/s]
  5%|▍         | 99/2000 [00:02<00:38, 48.81it/s]
  5%|▌         | 105/2000 [00:02<00:36, 51.39it/s]
  6%|▌         | 111/2000 [00:02<00:36, 52.35it/s]
  6%|▌         | 117/2000 [00:02<00:37, 50.77it/s]
  6%|▌         | 123/2000 [00:02<00:36, 51.30it/s]
  6%|▋         | 129/2000 [00:02<00:41, 45.10it/s]
  7%|▋         | 135/2000 [00:02<00:38, 48.25it/s]
  7%|▋         | 141/2000 [00:02<00:37, 49.70it/s]
  7%|▋         | 147/2000 [00:02<00:35, 51.85it/s]
  8%|▊         | 153/2000 [00:03<00:36, 51.13it/s]
  8%|▊         | 159/2000 [00:03<00:37, 48.82it/s]
  8%|▊         | 165/2000 [00:03<00:36, 50.59it/s]
  9%|▊         | 171/2000 [00:03<00:38, 48.10it/s]
  9%|▉         | 177/2000 [00:03<00:37, 48.22it/s]
  9%|▉         | 182/2000 [00:03<00:39, 45.81it/s]
  9%|▉         | 187/2000 [00:03<00:39, 45.45it/s]
 10%|▉         | 192/2000 [00:03<00:41, 44.08it/s]
 10%|▉         | 197/2000 [00:04<00:45, 39.51it/s]
 10%|█         | 204/2000 [00:04<00:40, 44.85it/s]
 10%|█         | 210/2000 [00:04<00:38, 46.57it/s]
 11%|█         | 215/2000 [00:04<00:38, 46.90it/s]
 11%|█         | 221/2000 [00:04<00:36, 48.44it/s]
 11%|█▏        | 226/2000 [00:04<00:36, 48.42it/s]
 12%|█▏        | 231/2000 [00:04<00:36, 48.47it/s]
 12%|█▏        | 237/2000 [00:04<00:34, 50.91it/s]
 12%|█▏        | 243/2000 [00:04<00:34, 50.70it/s]
 12%|█▏        | 249/2000 [00:05<00:33, 52.63it/s]
 13%|█▎        | 255/2000 [00:05<00:33, 52.15it/s]
 13%|█▎        | 261/2000 [00:05<00:38, 45.08it/s]
 13%|█▎        | 267/2000 [00:05<00:36, 48.03it/s]
 14%|█▎        | 273/2000 [00:05<00:34, 49.47it/s]
 14%|█▍        | 279/2000 [00:05<00:33, 50.90it/s]
 14%|█▍        | 285/2000 [00:05<00:33, 51.29it/s]
 15%|█▍        | 291/2000 [00:05<00:33, 51.69it/s]
 15%|█▍        | 297/2000 [00:06<00:32, 52.95it/s]
 15%|█▌        | 303/2000 [00:06<00:31, 54.38it/s]
 15%|█▌        | 309/2000 [00:06<00:30, 55.20it/s]
 16%|█▌        | 315/2000 [00:06<00:30, 55.12it/s]
 16%|█▌        | 321/2000 [00:06<00:35, 46.76it/s]
 16%|█▋        | 327/2000 [00:06<00:33, 49.24it/s]
 17%|█▋        | 334/2000 [00:06<00:31, 52.69it/s]
 17%|█▋        | 340/2000 [00:06<00:30, 53.84it/s]
 17%|█▋        | 346/2000 [00:06<00:30, 54.30it/s]
 18%|█▊        | 352/2000 [00:07<00:29, 55.63it/s]
 18%|█▊        | 358/2000 [00:07<00:29, 54.95it/s]
 18%|█▊        | 364/2000 [00:07<00:29, 55.32it/s]
 18%|█▊        | 370/2000 [00:07<00:30, 52.96it/s]
 19%|█▉        | 376/2000 [00:07<00:30, 53.20it/s]
 19%|█▉        | 382/2000 [00:07<00:29, 54.14it/s]
 19%|█▉        | 388/2000 [00:07<00:36, 43.94it/s]
 20%|█▉        | 393/2000 [00:07<00:36, 43.45it/s]
 20%|█▉        | 399/2000 [00:08<00:34, 46.59it/s]
 20%|██        | 406/2000 [00:08<00:31, 50.27it/s]
 21%|██        | 412/2000 [00:08<00:31, 49.85it/s]
 21%|██        | 418/2000 [00:08<00:31, 50.94it/s]
 21%|██        | 424/2000 [00:08<00:30, 51.08it/s]
 22%|██▏       | 430/2000 [00:08<00:29, 52.48it/s]
 22%|██▏       | 436/2000 [00:08<00:29, 52.73it/s]
 22%|██▏       | 443/2000 [00:08<00:27, 55.72it/s]
 22%|██▏       | 449/2000 [00:09<00:32, 47.53it/s]
 23%|██▎       | 455/2000 [00:09<00:31, 49.31it/s]
 23%|██▎       | 461/2000 [00:09<00:29, 51.49it/s]
 23%|██▎       | 467/2000 [00:09<00:28, 53.10it/s]
 24%|██▎       | 473/2000 [00:09<00:28, 54.17it/s]
 24%|██▍       | 479/2000 [00:09<00:27, 55.04it/s]
 24%|██▍       | 485/2000 [00:09<00:26, 56.14it/s]
 25%|██▍       | 491/2000 [00:09<00:26, 56.18it/s]
 25%|██▍       | 497/2000 [00:09<00:26, 56.35it/s]
 25%|██▌       | 503/2000 [00:09<00:26, 55.76it/s]
 25%|██▌       | 509/2000 [00:10<00:26, 56.14it/s]
 26%|██▌       | 515/2000 [00:10<00:34, 42.46it/s]
 26%|██▌       | 521/2000 [00:10<00:33, 44.45it/s]
 26%|██▋       | 527/2000 [00:10<00:31, 47.45it/s]
 27%|██▋       | 533/2000 [00:10<00:29, 49.90it/s]
 27%|██▋       | 539/2000 [00:10<00:28, 51.65it/s]
 27%|██▋       | 545/2000 [00:10<00:27, 52.76it/s]
 28%|██▊       | 551/2000 [00:10<00:27, 52.80it/s]
 28%|██▊       | 557/2000 [00:11<00:26, 53.92it/s]
 28%|██▊       | 563/2000 [00:11<00:26, 55.07it/s]
 28%|██▊       | 570/2000 [00:11<00:25, 56.73it/s]
 29%|██▉       | 576/2000 [00:11<00:28, 49.90it/s]
 29%|██▉       | 582/2000 [00:11<00:33, 42.42it/s]
 29%|██▉       | 588/2000 [00:11<00:30, 46.29it/s]
 30%|██▉       | 594/2000 [00:11<00:28, 48.79it/s]
 30%|███       | 600/2000 [00:11<00:28, 48.61it/s]
 30%|███       | 606/2000 [00:12<00:28, 48.79it/s]
 31%|███       | 612/2000 [00:12<00:27, 50.37it/s]
 31%|███       | 618/2000 [00:12<00:26, 51.51it/s]
 31%|███       | 624/2000 [00:12<00:26, 51.24it/s]
 32%|███▏      | 630/2000 [00:12<00:26, 51.61it/s]
 32%|███▏      | 636/2000 [00:12<00:26, 52.35it/s]
 32%|███▏      | 642/2000 [00:12<00:29, 45.33it/s]
 32%|███▏      | 648/2000 [00:12<00:27, 48.69it/s]
 33%|███▎      | 654/2000 [00:13<00:26, 51.17it/s]
 33%|███▎      | 661/2000 [00:13<00:25, 53.14it/s]
 33%|███▎      | 668/2000 [00:13<00:23, 56.77it/s]
 34%|███▎      | 674/2000 [00:13<00:25, 51.87it/s]
 34%|███▍      | 680/2000 [00:13<00:25, 52.50it/s]
 34%|███▍      | 686/2000 [00:13<00:24, 53.02it/s]
 35%|███▍      | 693/2000 [00:13<00:23, 56.56it/s]
 35%|███▌      | 700/2000 [00:13<00:22, 57.82it/s]
 35%|███▌      | 706/2000 [00:14<00:26, 49.20it/s]
 36%|███▌      | 712/2000 [00:14<00:25, 50.14it/s]
 36%|███▌      | 719/2000 [00:14<00:23, 54.64it/s]
 36%|███▋      | 725/2000 [00:14<00:23, 54.87it/s]
 37%|███▋      | 731/2000 [00:14<00:23, 53.98it/s]
 37%|███▋      | 737/2000 [00:14<00:23, 54.69it/s]
 37%|███▋      | 743/2000 [00:14<00:23, 54.27it/s]
 37%|███▋      | 749/2000 [00:14<00:22, 54.87it/s]
 38%|███▊      | 755/2000 [00:14<00:24, 51.38it/s]
 38%|███▊      | 761/2000 [00:15<00:24, 51.23it/s]
 38%|███▊      | 767/2000 [00:15<00:23, 52.99it/s]
 39%|███▊      | 773/2000 [00:15<00:27, 44.66it/s]
 39%|███▉      | 779/2000 [00:15<00:25, 47.71it/s]
 39%|███▉      | 785/2000 [00:15<00:24, 49.34it/s]
 40%|███▉      | 791/2000 [00:15<00:23, 50.89it/s]
 40%|███▉      | 797/2000 [00:15<00:23, 51.76it/s]
 40%|████      | 803/2000 [00:15<00:23, 51.32it/s]
 40%|████      | 809/2000 [00:16<00:22, 52.19it/s]
 41%|████      | 815/2000 [00:16<00:22, 52.87it/s]
 41%|████      | 821/2000 [00:16<00:23, 51.23it/s]
 41%|████▏     | 828/2000 [00:16<00:21, 53.54it/s]
 42%|████▏     | 834/2000 [00:16<00:25, 45.44it/s]
 42%|████▏     | 841/2000 [00:16<00:23, 48.67it/s]
 42%|████▏     | 847/2000 [00:16<00:22, 51.12it/s]
 43%|████▎     | 853/2000 [00:16<00:22, 49.89it/s]
 43%|████▎     | 859/2000 [00:17<00:22, 50.64it/s]
 43%|████▎     | 865/2000 [00:17<00:22, 51.23it/s]
 44%|████▎     | 871/2000 [00:17<00:21, 52.47it/s]
 44%|████▍     | 877/2000 [00:17<00:21, 52.75it/s]
 44%|████▍     | 883/2000 [00:17<00:21, 53.16it/s]
 44%|████▍     | 889/2000 [00:17<00:21, 52.02it/s]
 45%|████▍     | 895/2000 [00:17<00:21, 52.32it/s]
 45%|████▌     | 901/2000 [00:17<00:24, 45.19it/s]
 45%|████▌     | 907/2000 [00:17<00:23, 46.87it/s]
 46%|████▌     | 912/2000 [00:18<00:23, 47.21it/s]
 46%|████▌     | 917/2000 [00:18<00:22, 47.27it/s]
 46%|████▌     | 923/2000 [00:18<00:21, 49.23it/s]
 46%|████▋     | 928/2000 [00:18<00:23, 46.02it/s]
 47%|████▋     | 933/2000 [00:18<00:23, 45.24it/s]
 47%|████▋     | 938/2000 [00:18<00:23, 45.31it/s]
 47%|████▋     | 943/2000 [00:18<00:23, 45.15it/s]
 47%|████▋     | 949/2000 [00:18<00:22, 46.89it/s]
 48%|████▊     | 955/2000 [00:18<00:21, 49.00it/s]
 48%|████▊     | 961/2000 [00:19<00:25, 40.62it/s]
 48%|████▊     | 967/2000 [00:19<00:23, 43.75it/s]
 49%|████▊     | 972/2000 [00:19<00:23, 43.48it/s]
 49%|████▉     | 977/2000 [00:19<00:24, 42.52it/s]
 49%|████▉     | 982/2000 [00:19<00:26, 37.89it/s]
 49%|████▉     | 986/2000 [00:19<00:27, 37.43it/s]
 50%|████▉     | 991/2000 [00:19<00:25, 40.18it/s]
 50%|████▉     | 996/2000 [00:20<00:25, 38.96it/s]
 50%|█████     | 1001/2000 [00:20<00:24, 41.37it/s]
 50%|█████     | 1007/2000 [00:20<00:22, 44.63it/s]
 51%|█████     | 1012/2000 [00:20<00:22, 44.22it/s]
 51%|█████     | 1018/2000 [00:20<00:21, 46.53it/s]
 51%|█████     | 1024/2000 [00:20<00:19, 49.76it/s]
 52%|█████▏    | 1030/2000 [00:20<00:23, 42.10it/s]
 52%|█████▏    | 1036/2000 [00:20<00:21, 45.07it/s]
 52%|█████▏    | 1042/2000 [00:21<00:19, 48.70it/s]
 52%|█████▏    | 1048/2000 [00:21<00:18, 51.30it/s]
 53%|█████▎    | 1054/2000 [00:21<00:18, 51.61it/s]
 53%|█████▎    | 1060/2000 [00:21<00:17, 53.30it/s]
 53%|█████▎    | 1066/2000 [00:21<00:20, 45.58it/s]
 54%|█████▎    | 1071/2000 [00:21<00:20, 46.02it/s]
 54%|█████▍    | 1077/2000 [00:21<00:19, 46.97it/s]
 54%|█████▍    | 1083/2000 [00:21<00:18, 49.16it/s]
 54%|█████▍    | 1089/2000 [00:22<00:20, 43.62it/s]
 55%|█████▍    | 1094/2000 [00:22<00:20, 44.65it/s]
 55%|█████▍    | 1099/2000 [00:22<00:19, 45.44it/s]
 55%|█████▌    | 1104/2000 [00:22<00:19, 46.50it/s]
 56%|█████▌    | 1110/2000 [00:22<00:18, 48.23it/s]
 56%|█████▌    | 1116/2000 [00:22<00:17, 51.25it/s]
 56%|█████▌    | 1122/2000 [00:22<00:16, 51.84it/s]
 56%|█████▋    | 1129/2000 [00:22<00:15, 55.44it/s]
 57%|█████▋    | 1136/2000 [00:22<00:14, 57.81it/s]
 57%|█████▋    | 1142/2000 [00:23<00:16, 53.41it/s]
 57%|█████▋    | 1148/2000 [00:23<00:16, 52.60it/s]
 58%|█████▊    | 1154/2000 [00:23<00:19, 44.31it/s]
 58%|█████▊    | 1160/2000 [00:23<00:17, 47.54it/s]
 58%|█████▊    | 1166/2000 [00:23<00:17, 48.73it/s]
 59%|█████▊    | 1172/2000 [00:23<00:16, 50.18it/s]
 59%|█████▉    | 1178/2000 [00:23<00:15, 52.52it/s]
 59%|█████▉    | 1184/2000 [00:23<00:16, 50.37it/s]
 60%|█████▉    | 1190/2000 [00:24<00:15, 52.13it/s]
 60%|█████▉    | 1196/2000 [00:24<00:15, 51.37it/s]
 60%|██████    | 1202/2000 [00:24<00:15, 53.09it/s]
 60%|██████    | 1208/2000 [00:24<00:14, 54.54it/s]
 61%|██████    | 1214/2000 [00:24<00:14, 54.17it/s]
 61%|██████    | 1220/2000 [00:24<00:17, 44.38it/s]
 61%|██████▏   | 1225/2000 [00:24<00:17, 44.58it/s]
 62%|██████▏   | 1231/2000 [00:24<00:16, 46.16it/s]
 62%|██████▏   | 1236/2000 [00:24<00:16, 47.09it/s]
 62%|██████▏   | 1241/2000 [00:25<00:16, 47.34it/s]
 62%|██████▏   | 1247/2000 [00:25<00:15, 49.86it/s]
 63%|██████▎   | 1253/2000 [00:25<00:14, 51.48it/s]
 63%|██████▎   | 1259/2000 [00:25<00:14, 52.89it/s]
 63%|██████▎   | 1265/2000 [00:25<00:13, 52.93it/s]
 64%|██████▎   | 1271/2000 [00:25<00:13, 52.62it/s]
 64%|██████▍   | 1277/2000 [00:25<00:13, 53.52it/s]
 64%|██████▍   | 1283/2000 [00:25<00:16, 43.34it/s]
 64%|██████▍   | 1290/2000 [00:26<00:14, 49.49it/s]
 65%|██████▍   | 1296/2000 [00:26<00:14, 48.39it/s]
 65%|██████▌   | 1302/2000 [00:26<00:14, 47.37it/s]
 65%|██████▌   | 1308/2000 [00:26<00:13, 50.25it/s]
 66%|██████▌   | 1314/2000 [00:26<00:13, 51.49it/s]
 66%|██████▌   | 1320/2000 [00:26<00:13, 50.33it/s]
 66%|██████▋   | 1326/2000 [00:26<00:13, 49.44it/s]
 67%|██████▋   | 1332/2000 [00:26<00:13, 50.73it/s]
 67%|██████▋   | 1339/2000 [00:26<00:12, 54.25it/s]
 67%|██████▋   | 1345/2000 [00:27<00:13, 46.87it/s]
 68%|██████▊   | 1351/2000 [00:27<00:13, 47.15it/s]
 68%|██████▊   | 1356/2000 [00:27<00:13, 47.24it/s]
 68%|██████▊   | 1362/2000 [00:27<00:13, 48.31it/s]
 68%|██████▊   | 1368/2000 [00:27<00:12, 48.94it/s]
 69%|██████▊   | 1374/2000 [00:27<00:12, 49.88it/s]
 69%|██████▉   | 1380/2000 [00:27<00:11, 52.32it/s]
 69%|██████▉   | 1386/2000 [00:27<00:11, 52.94it/s]
 70%|██████▉   | 1392/2000 [00:28<00:11, 51.41it/s]
 70%|██████▉   | 1398/2000 [00:28<00:11, 52.52it/s]
 70%|███████   | 1404/2000 [00:28<00:11, 54.06it/s]
 70%|███████   | 1410/2000 [00:28<00:13, 44.50it/s]
 71%|███████   | 1415/2000 [00:28<00:13, 44.39it/s]
 71%|███████   | 1421/2000 [00:28<00:12, 46.88it/s]
 71%|███████▏  | 1427/2000 [00:28<00:11, 49.20it/s]
 72%|███████▏  | 1433/2000 [00:28<00:11, 50.59it/s]
 72%|███████▏  | 1439/2000 [00:29<00:10, 51.45it/s]
 72%|███████▏  | 1445/2000 [00:29<00:10, 53.41it/s]
 73%|███████▎  | 1451/2000 [00:29<00:11, 49.83it/s]
 73%|███████▎  | 1457/2000 [00:29<00:10, 51.31it/s]
 73%|███████▎  | 1463/2000 [00:29<00:10, 51.59it/s]
 73%|███████▎  | 1469/2000 [00:29<00:10, 52.07it/s]
 74%|███████▍  | 1475/2000 [00:29<00:12, 41.61it/s]
 74%|███████▍  | 1481/2000 [00:29<00:11, 44.32it/s]
 74%|███████▍  | 1486/2000 [00:30<00:11, 44.99it/s]
 75%|███████▍  | 1492/2000 [00:30<00:10, 47.61it/s]
 75%|███████▍  | 1499/2000 [00:30<00:09, 51.15it/s]
 75%|███████▌  | 1505/2000 [00:30<00:09, 52.51it/s]
 76%|███████▌  | 1511/2000 [00:30<00:09, 52.92it/s]
 76%|███████▌  | 1517/2000 [00:30<00:08, 54.05it/s]
 76%|███████▌  | 1523/2000 [00:30<00:08, 54.13it/s]
 76%|███████▋  | 1529/2000 [00:30<00:08, 54.86it/s]
 77%|███████▋  | 1535/2000 [00:30<00:08, 54.86it/s]
 77%|███████▋  | 1541/2000 [00:31<00:10, 45.84it/s]
 77%|███████▋  | 1547/2000 [00:31<00:09, 48.55it/s]
 78%|███████▊  | 1553/2000 [00:31<00:08, 50.12it/s]
 78%|███████▊  | 1559/2000 [00:31<00:08, 51.88it/s]
 78%|███████▊  | 1565/2000 [00:31<00:08, 53.29it/s]
 79%|███████▊  | 1571/2000 [00:31<00:08, 53.35it/s]
 79%|███████▉  | 1578/2000 [00:31<00:07, 55.48it/s]
 79%|███████▉  | 1584/2000 [00:31<00:08, 47.85it/s]
 80%|███████▉  | 1591/2000 [00:32<00:08, 51.01it/s]
 80%|███████▉  | 1597/2000 [00:32<00:07, 52.03it/s]
 80%|████████  | 1603/2000 [00:32<00:08, 46.65it/s]
 80%|████████  | 1608/2000 [00:32<00:08, 47.17it/s]
 81%|████████  | 1614/2000 [00:32<00:07, 48.49it/s]
 81%|████████  | 1620/2000 [00:32<00:07, 51.17it/s]
 81%|████████▏ | 1626/2000 [00:32<00:07, 48.98it/s]
 82%|████████▏ | 1631/2000 [00:32<00:07, 49.18it/s]
 82%|████████▏ | 1638/2000 [00:32<00:06, 52.20it/s]
 82%|████████▏ | 1645/2000 [00:33<00:06, 54.55it/s]
 83%|████████▎ | 1651/2000 [00:33<00:06, 54.15it/s]
 83%|████████▎ | 1657/2000 [00:33<00:06, 55.21it/s]
 83%|████████▎ | 1663/2000 [00:33<00:06, 54.85it/s]
 83%|████████▎ | 1669/2000 [00:33<00:07, 45.46it/s]
 84%|████████▍ | 1675/2000 [00:33<00:06, 46.76it/s]
 84%|████████▍ | 1681/2000 [00:33<00:06, 48.17it/s]
 84%|████████▍ | 1687/2000 [00:33<00:06, 50.71it/s]
 85%|████████▍ | 1693/2000 [00:34<00:06, 50.83it/s]
 85%|████████▍ | 1699/2000 [00:34<00:05, 51.65it/s]
 85%|████████▌ | 1705/2000 [00:34<00:05, 50.62it/s]
 86%|████████▌ | 1711/2000 [00:34<00:05, 49.55it/s]
 86%|████████▌ | 1717/2000 [00:34<00:05, 50.85it/s]
 86%|████████▌ | 1723/2000 [00:34<00:05, 52.22it/s]
 86%|████████▋ | 1729/2000 [00:34<00:05, 45.86it/s]
 87%|████████▋ | 1735/2000 [00:34<00:05, 47.78it/s]
 87%|████████▋ | 1740/2000 [00:35<00:05, 46.85it/s]
 87%|████████▋ | 1746/2000 [00:35<00:05, 48.01it/s]
 88%|████████▊ | 1751/2000 [00:35<00:05, 45.99it/s]
 88%|████████▊ | 1758/2000 [00:35<00:04, 50.92it/s]
 88%|████████▊ | 1764/2000 [00:35<00:04, 53.16it/s]
 88%|████████▊ | 1770/2000 [00:35<00:04, 53.77it/s]
 89%|████████▉ | 1776/2000 [00:35<00:04, 50.83it/s]
 89%|████████▉ | 1782/2000 [00:35<00:04, 49.20it/s]
 89%|████████▉ | 1787/2000 [00:35<00:04, 48.89it/s]
 90%|████████▉ | 1793/2000 [00:36<00:05, 39.23it/s]
 90%|████████▉ | 1799/2000 [00:36<00:04, 42.80it/s]
 90%|█████████ | 1804/2000 [00:36<00:04, 42.58it/s]
 90%|█████████ | 1810/2000 [00:36<00:04, 46.19it/s]
 91%|█████████ | 1816/2000 [00:36<00:03, 48.58it/s]
 91%|█████████ | 1822/2000 [00:36<00:03, 47.90it/s]
 91%|█████████▏| 1827/2000 [00:36<00:03, 48.26it/s]
 92%|█████████▏| 1833/2000 [00:36<00:03, 49.38it/s]
 92%|█████████▏| 1839/2000 [00:37<00:03, 50.83it/s]
 92%|█████████▏| 1845/2000 [00:37<00:03, 48.72it/s]
 93%|█████████▎| 1851/2000 [00:37<00:02, 51.27it/s]
 93%|█████████▎| 1857/2000 [00:37<00:03, 41.80it/s]
 93%|█████████▎| 1864/2000 [00:37<00:02, 46.98it/s]
 94%|█████████▎| 1870/2000 [00:37<00:02, 49.99it/s]
 94%|█████████▍| 1876/2000 [00:37<00:02, 51.86it/s]
 94%|█████████▍| 1882/2000 [00:37<00:02, 49.02it/s]
 94%|█████████▍| 1888/2000 [00:38<00:02, 50.48it/s]
 95%|█████████▍| 1894/2000 [00:38<00:02, 49.62it/s]
 95%|█████████▌| 1901/2000 [00:38<00:01, 51.99it/s]
 95%|█████████▌| 1907/2000 [00:38<00:01, 53.66it/s]
 96%|█████████▌| 1913/2000 [00:38<00:01, 54.56it/s]
 96%|█████████▌| 1919/2000 [00:38<00:01, 51.60it/s]
 96%|█████████▋| 1925/2000 [00:38<00:01, 41.53it/s]
 97%|█████████▋| 1931/2000 [00:39<00:01, 44.44it/s]
 97%|█████████▋| 1938/2000 [00:39<00:01, 48.59it/s]
 97%|█████████▋| 1944/2000 [00:39<00:01, 49.65it/s]
 98%|█████████▊| 1950/2000 [00:39<00:00, 50.20it/s]
 98%|█████████▊| 1956/2000 [00:39<00:00, 51.04it/s]
 98%|█████████▊| 1962/2000 [00:39<00:00, 47.15it/s]
 98%|█████████▊| 1967/2000 [00:39<00:00, 46.55it/s]
 99%|█████████▊| 1972/2000 [00:39<00:00, 47.02it/s]
 99%|█████████▉| 1978/2000 [00:39<00:00, 48.84it/s]
 99%|█████████▉| 1984/2000 [00:40<00:00, 49.38it/s]
 99%|█████████▉| 1989/2000 [00:40<00:00, 38.99it/s]
100%|█████████▉| 1996/2000 [00:40<00:00, 45.15it/s]
                                                   

  0%|          | 0/2000 [00:00<?, ?it/s]
  0%|          | 1/2000 [00:00<03:21,  9.94it/s]
  0%|          | 7/2000 [00:00<00:52, 37.73it/s]
  1%|          | 13/2000 [00:00<00:43, 45.20it/s]
  1%|          | 19/2000 [00:00<00:39, 50.54it/s]
  1%|▏         | 25/2000 [00:00<00:38, 51.40it/s]
  2%|▏         | 31/2000 [00:00<00:39, 50.38it/s]
  2%|▏         | 37/2000 [00:00<00:38, 51.54it/s]
  2%|▏         | 43/2000 [00:00<00:39, 49.71it/s]
  2%|▏         | 48/2000 [00:00<00:39, 49.75it/s]
  3%|▎         | 54/2000 [00:01<00:38, 50.96it/s]
  3%|▎         | 60/2000 [00:01<00:36, 52.55it/s]
  3%|▎         | 66/2000 [00:01<00:42, 45.35it/s]
  4%|▎         | 72/2000 [00:01<00:41, 47.01it/s]
  4%|▍         | 78/2000 [00:01<00:38, 49.31it/s]
  4%|▍         | 84/2000 [00:01<00:36, 52.00it/s]
  4%|▍         | 90/2000 [00:01<00:35, 53.34it/s]
  5%|▍         | 96/2000 [00:01<00:35, 53.73it/s]
  5%|▌         | 102/2000 [00:02<00:34, 55.43it/s]
  5%|▌         | 108/2000 [00:02<00:35, 54.05it/s]
  6%|▌         | 114/2000 [00:02<00:35, 53.37it/s]
  6%|▌         | 121/2000 [00:02<00:34, 54.23it/s]
  6%|▋         | 127/2000 [00:02<00:34, 54.07it/s]
  7%|▋         | 133/2000 [00:02<00:42, 44.04it/s]
  7%|▋         | 139/2000 [00:02<00:39, 46.89it/s]
  7%|▋         | 144/2000 [00:02<00:41, 45.24it/s]
  8%|▊         | 150/2000 [00:03<00:38, 47.65it/s]
  8%|▊         | 156/2000 [00:03<00:36, 50.67it/s]
  8%|▊         | 162/2000 [00:03<00:37, 48.95it/s]
  8%|▊         | 168/2000 [00:03<00:35, 51.23it/s]
  9%|▊         | 174/2000 [00:03<00:34, 53.25it/s]
  9%|▉         | 181/2000 [00:03<00:33, 54.64it/s]
  9%|▉         | 188/2000 [00:03<00:31, 57.22it/s]
 10%|▉         | 194/2000 [00:03<00:37, 48.17it/s]
 10%|█         | 201/2000 [00:04<00:35, 50.69it/s]
 10%|█         | 207/2000 [00:04<00:34, 52.71it/s]
 11%|█         | 213/2000 [00:04<00:33, 53.83it/s]
 11%|█         | 220/2000 [00:04<00:31, 56.66it/s]
 11%|█▏        | 226/2000 [00:04<00:32, 54.69it/s]
 12%|█▏        | 233/2000 [00:04<00:31, 56.73it/s]
 12%|█▏        | 239/2000 [00:04<00:30, 57.28it/s]
 12%|█▏        | 245/2000 [00:04<00:30, 56.77it/s]
 13%|█▎        | 251/2000 [00:04<00:31, 55.57it/s]
 13%|█▎        | 257/2000 [00:05<00:40, 43.16it/s]
 13%|█▎        | 262/2000 [00:05<00:39, 44.37it/s]
 13%|█▎        | 268/2000 [00:05<00:36, 47.44it/s]
 14%|█▎        | 274/2000 [00:05<00:34, 49.46it/s]
 14%|█▍        | 280/2000 [00:05<00:33, 50.95it/s]
 14%|█▍        | 286/2000 [00:05<00:34, 50.18it/s]
 15%|█▍        | 292/2000 [00:05<00:33, 50.65it/s]
 15%|█▍        | 298/2000 [00:05<00:33, 50.87it/s]
 15%|█▌        | 304/2000 [00:05<00:32, 52.62it/s]
 16%|█▌        | 310/2000 [00:06<00:31, 53.98it/s]
 16%|█▌        | 316/2000 [00:06<00:32, 51.99it/s]
 16%|█▌        | 322/2000 [00:06<00:38, 44.10it/s]
 16%|█▋        | 327/2000 [00:06<00:36, 45.30it/s]
 17%|█▋        | 332/2000 [00:06<00:36, 46.13it/s]
 17%|█▋        | 339/2000 [00:06<00:32, 50.56it/s]
 17%|█▋        | 345/2000 [00:06<00:31, 52.16it/s]
 18%|█▊        | 351/2000 [00:06<00:31, 52.63it/s]
 18%|█▊        | 357/2000 [00:07<00:30, 54.36it/s]
 18%|█▊        | 363/2000 [00:07<00:31, 52.03it/s]
 18%|█▊        | 369/2000 [00:07<00:30, 54.14it/s]
 19%|█▉        | 376/2000 [00:07<00:28, 56.52it/s]
 19%|█▉        | 382/2000 [00:07<00:29, 53.99it/s]
 19%|█▉        | 388/2000 [00:07<00:34, 46.87it/s]
 20%|█▉        | 394/2000 [00:07<00:32, 49.83it/s]
 20%|██        | 400/2000 [00:07<00:30, 51.93it/s]
 20%|██        | 406/2000 [00:07<00:29, 53.46it/s]
 21%|██        | 412/2000 [00:08<00:30, 51.64it/s]
 21%|██        | 418/2000 [00:08<00:30, 52.33it/s]
 21%|██        | 424/2000 [00:08<00:32, 48.45it/s]
 22%|██▏       | 430/2000 [00:08<00:31, 49.42it/s]
 22%|██▏       | 436/2000 [00:08<00:31, 49.57it/s]
 22%|██▏       | 442/2000 [00:08<00:31, 49.25it/s]
 22%|██▏       | 447/2000 [00:08<00:31, 48.57it/s]
 23%|██▎       | 452/2000 [00:09<00:37, 40.85it/s]
 23%|██▎       | 458/2000 [00:09<00:34, 45.09it/s]
 23%|██▎       | 464/2000 [00:09<00:32, 47.57it/s]
 23%|██▎       | 469/2000 [00:09<00:32, 47.82it/s]
 24%|██▎       | 474/2000 [00:09<00:31, 47.70it/s]
 24%|██▍       | 480/2000 [00:09<00:29, 50.73it/s]
 24%|██▍       | 486/2000 [00:09<00:30, 49.05it/s]
 25%|██▍       | 491/2000 [00:09<00:30, 48.69it/s]
 25%|██▍       | 498/2000 [00:09<00:28, 53.51it/s]
 25%|██▌       | 505/2000 [00:09<00:27, 55.19it/s]
 26%|██▌       | 511/2000 [00:10<00:28, 52.21it/s]
 26%|██▌       | 517/2000 [00:10<00:33, 44.22it/s]
 26%|██▌       | 523/2000 [00:10<00:31, 46.33it/s]
 26%|██▋       | 529/2000 [00:10<00:30, 48.52it/s]
 27%|██▋       | 535/2000 [00:10<00:29, 49.28it/s]
 27%|██▋       | 541/2000 [00:10<00:29, 48.74it/s]
 27%|██▋       | 546/2000 [00:10<00:31, 46.72it/s]
 28%|██▊       | 552/2000 [00:11<00:29, 48.66it/s]
 28%|██▊       | 558/2000 [00:11<00:28, 51.46it/s]
 28%|██▊       | 564/2000 [00:11<00:28, 50.06it/s]
 28%|██▊       | 570/2000 [00:11<00:27, 52.10it/s]
 29%|██▉       | 576/2000 [00:11<00:29, 48.96it/s]
 29%|██▉       | 581/2000 [00:11<00:34, 41.42it/s]
 29%|██▉       | 587/2000 [00:11<00:31, 44.52it/s]
 30%|██▉       | 592/2000 [00:11<00:33, 42.16it/s]
 30%|██▉       | 597/2000 [00:12<00:32, 43.02it/s]
 30%|███       | 602/2000 [00:12<00:31, 44.49it/s]
 30%|███       | 608/2000 [00:12<00:29, 47.08it/s]
 31%|███       | 614/2000 [00:12<00:27, 50.28it/s]
 31%|███       | 620/2000 [00:12<00:26, 51.60it/s]
 31%|███▏      | 626/2000 [00:12<00:27, 50.42it/s]
 32%|███▏      | 632/2000 [00:12<00:28, 48.85it/s]
 32%|███▏      | 638/2000 [00:12<00:26, 50.99it/s]
 32%|███▏      | 644/2000 [00:12<00:31, 42.60it/s]
 32%|███▎      | 650/2000 [00:13<00:29, 45.05it/s]
 33%|███▎      | 655/2000 [00:13<00:29, 46.13it/s]
 33%|███▎      | 661/2000 [00:13<00:28, 46.21it/s]
 33%|███▎      | 666/2000 [00:13<00:28, 46.51it/s]
 34%|███▎      | 672/2000 [00:13<00:27, 48.54it/s]
 34%|███▍      | 678/2000 [00:13<00:27, 47.66it/s]
 34%|███▍      | 683/2000 [00:13<00:30, 43.64it/s]
 34%|███▍      | 689/2000 [00:13<00:28, 46.73it/s]
 35%|███▍      | 694/2000 [00:14<00:28, 46.61it/s]
 35%|███▌      | 701/2000 [00:14<00:25, 50.30it/s]
 35%|███▌      | 707/2000 [00:14<00:28, 46.17it/s]
 36%|███▌      | 713/2000 [00:14<00:26, 47.71it/s]
 36%|███▌      | 718/2000 [00:14<00:28, 45.49it/s]
 36%|███▌      | 723/2000 [00:14<00:28, 45.37it/s]
 36%|███▋      | 728/2000 [00:14<00:27, 45.77it/s]
 37%|███▋      | 734/2000 [00:14<00:26, 47.47it/s]
 37%|███▋      | 739/2000 [00:14<00:26, 48.05it/s]
 37%|███▋      | 744/2000 [00:15<00:26, 47.86it/s]
 37%|███▋      | 749/2000 [00:15<00:28, 44.04it/s]
 38%|███▊      | 755/2000 [00:15<00:27, 45.82it/s]
 38%|███▊      | 761/2000 [00:15<00:26, 46.59it/s]
 38%|███▊      | 767/2000 [00:15<00:25, 48.84it/s]
 39%|███▊      | 772/2000 [00:15<00:31, 39.12it/s]
 39%|███▉      | 777/2000 [00:15<00:29, 40.99it/s]
 39%|███▉      | 783/2000 [00:16<00:27, 44.16it/s]
 39%|███▉      | 789/2000 [00:16<00:26, 46.28it/s]
 40%|███▉      | 794/2000 [00:16<00:25, 46.94it/s]
 40%|███▉      | 799/2000 [00:16<00:25, 46.31it/s]
 40%|████      | 805/2000 [00:16<00:24, 48.11it/s]
 40%|████      | 810/2000 [00:16<00:24, 48.58it/s]
 41%|████      | 815/2000 [00:16<00:25, 47.25it/s]
 41%|████      | 820/2000 [00:16<00:25, 46.95it/s]
 41%|████▏     | 826/2000 [00:16<00:23, 49.46it/s]
 42%|████▏     | 831/2000 [00:16<00:23, 49.14it/s]
 42%|████▏     | 836/2000 [00:17<00:28, 41.24it/s]
 42%|████▏     | 841/2000 [00:17<00:29, 39.51it/s]
 42%|████▏     | 846/2000 [00:17<00:31, 36.10it/s]
 42%|████▎     | 850/2000 [00:17<00:35, 32.41it/s]
 43%|████▎     | 854/2000 [00:17<00:38, 29.58it/s]
 43%|████▎     | 858/2000 [00:17<00:42, 27.07it/s]
 43%|████▎     | 861/2000 [00:18<00:43, 26.06it/s]
 43%|████▎     | 865/2000 [00:18<00:39, 29.09it/s]
 44%|████▎     | 870/2000 [00:18<00:35, 32.26it/s]
 44%|████▎     | 874/2000 [00:18<00:35, 31.57it/s]
 44%|████▍     | 879/2000 [00:18<00:31, 35.27it/s]
 44%|████▍     | 884/2000 [00:18<00:29, 37.72it/s]
 44%|████▍     | 889/2000 [00:18<00:27, 40.46it/s]
 45%|████▍     | 894/2000 [00:18<00:27, 40.77it/s]
 45%|████▍     | 899/2000 [00:19<00:32, 34.26it/s]
 45%|████▌     | 903/2000 [00:19<00:31, 35.29it/s]
 45%|████▌     | 907/2000 [00:19<00:30, 36.29it/s]
 46%|████▌     | 911/2000 [00:19<00:31, 34.72it/s]
 46%|████▌     | 916/2000 [00:19<00:29, 36.86it/s]
 46%|████▌     | 920/2000 [00:19<00:29, 36.65it/s]
 46%|████▌     | 924/2000 [00:19<00:28, 37.25it/s]
 46%|████▋     | 928/2000 [00:19<00:28, 37.98it/s]
 47%|████▋     | 933/2000 [00:19<00:26, 39.94it/s]
 47%|████▋     | 938/2000 [00:20<00:25, 41.89it/s]
 47%|████▋     | 943/2000 [00:20<00:25, 42.09it/s]
 47%|████▋     | 948/2000 [00:20<00:24, 42.47it/s]
 48%|████▊     | 953/2000 [00:20<00:24, 42.18it/s]
 48%|████▊     | 958/2000 [00:20<00:23, 43.44it/s]
 48%|████▊     | 963/2000 [00:20<00:29, 34.99it/s]
 48%|████▊     | 968/2000 [00:20<00:27, 36.97it/s]
 49%|████▊     | 973/2000 [00:20<00:26, 38.40it/s]
 49%|████▉     | 978/2000 [00:21<00:25, 40.01it/s]
 49%|████▉     | 983/2000 [00:21<00:25, 40.61it/s]
 49%|████▉     | 989/2000 [00:21<00:23, 43.33it/s]
 50%|████▉     | 994/2000 [00:21<00:23, 42.85it/s]
 50%|█████     | 1000/2000 [00:21<00:21, 45.78it/s]
 50%|█████     | 1005/2000 [00:21<00:22, 44.21it/s]
 50%|█████     | 1010/2000 [00:21<00:22, 43.68it/s]
 51%|█████     | 1015/2000 [00:21<00:22, 43.91it/s]
 51%|█████     | 1020/2000 [00:22<00:22, 43.96it/s]
 51%|█████▏    | 1025/2000 [00:22<00:27, 34.95it/s]
 51%|█████▏    | 1029/2000 [00:22<00:27, 35.03it/s]
 52%|█████▏    | 1034/2000 [00:22<00:25, 38.39it/s]
 52%|█████▏    | 1039/2000 [00:22<00:23, 40.20it/s]
 52%|█████▏    | 1044/2000 [00:22<00:23, 40.89it/s]
 52%|█████▏    | 1049/2000 [00:22<00:23, 39.85it/s]
 53%|█████▎    | 1054/2000 [00:22<00:22, 41.33it/s]
 53%|█████▎    | 1059/2000 [00:23<00:22, 42.40it/s]
 53%|█████▎    | 1064/2000 [00:23<00:22, 40.87it/s]
 54%|█████▎    | 1070/2000 [00:23<00:21, 43.60it/s]
 54%|█████▍    | 1076/2000 [00:23<00:20, 45.16it/s]
 54%|█████▍    | 1081/2000 [00:23<00:21, 42.49it/s]
 54%|█████▍    | 1087/2000 [00:23<00:20, 44.99it/s]
 55%|█████▍    | 1092/2000 [00:23<00:25, 35.02it/s]
 55%|█████▍    | 1097/2000 [00:24<00:23, 37.64it/s]
 55%|█████▌    | 1102/2000 [00:24<00:22, 39.36it/s]
 55%|█████▌    | 1107/2000 [00:24<00:21, 41.46it/s]
 56%|█████▌    | 1112/2000 [00:24<00:21, 41.75it/s]
 56%|█████▌    | 1117/2000 [00:24<00:20, 43.47it/s]
 56%|█████▌    | 1122/2000 [00:24<00:19, 44.72it/s]
 56%|█████▋    | 1127/2000 [00:24<00:19, 44.98it/s]
 57%|█████▋    | 1132/2000 [00:24<00:20, 43.20it/s]
 57%|█████▋    | 1137/2000 [00:24<00:20, 43.11it/s]
 57%|█████▋    | 1142/2000 [00:25<00:20, 42.32it/s]
 57%|█████▋    | 1147/2000 [00:25<00:20, 42.59it/s]
 58%|█████▊    | 1152/2000 [00:25<00:19, 43.38it/s]
 58%|█████▊    | 1157/2000 [00:25<00:22, 37.95it/s]
 58%|█████▊    | 1162/2000 [00:25<00:21, 39.71it/s]
 58%|█████▊    | 1167/2000 [00:25<00:20, 41.55it/s]
 59%|█████▊    | 1172/2000 [00:25<00:19, 41.69it/s]
 59%|█████▉    | 1178/2000 [00:25<00:18, 45.38it/s]
 59%|█████▉    | 1183/2000 [00:25<00:18, 45.07it/s]
 59%|█████▉    | 1188/2000 [00:26<00:18, 45.05it/s]
 60%|█████▉    | 1193/2000 [00:26<00:17, 44.84it/s]
 60%|█████▉    | 1198/2000 [00:26<00:17, 45.15it/s]
 60%|██████    | 1203/2000 [00:26<00:18, 44.24it/s]
 60%|██████    | 1208/2000 [00:26<00:17, 45.65it/s]
 61%|██████    | 1213/2000 [00:26<00:18, 43.10it/s]
 61%|██████    | 1218/2000 [00:26<00:22, 34.30it/s]
 61%|██████    | 1223/2000 [00:27<00:21, 36.04it/s]
 61%|██████▏   | 1228/2000 [00:27<00:20, 38.46it/s]
 62%|██████▏   | 1233/2000 [00:27<00:20, 36.57it/s]
 62%|██████▏   | 1238/2000 [00:27<00:20, 37.88it/s]
 62%|██████▏   | 1242/2000 [00:27<00:20, 37.54it/s]
 62%|██████▏   | 1247/2000 [00:27<00:18, 40.20it/s]
 63%|██████▎   | 1252/2000 [00:27<00:18, 40.45it/s]
 63%|██████▎   | 1257/2000 [00:27<00:17, 42.15it/s]
 63%|██████▎   | 1262/2000 [00:27<00:17, 42.83it/s]
 63%|██████▎   | 1267/2000 [00:28<00:16, 43.78it/s]
 64%|██████▎   | 1272/2000 [00:28<00:16, 43.89it/s]
 64%|██████▍   | 1277/2000 [00:28<00:16, 43.42it/s]
 64%|██████▍   | 1282/2000 [00:28<00:20, 35.10it/s]
 64%|██████▍   | 1286/2000 [00:28<00:19, 36.00it/s]
 65%|██████▍   | 1291/2000 [00:28<00:18, 37.68it/s]
 65%|██████▍   | 1296/2000 [00:28<00:17, 40.31it/s]
 65%|██████▌   | 1301/2000 [00:28<00:17, 40.83it/s]
 65%|██████▌   | 1306/2000 [00:29<00:16, 41.56it/s]
 66%|██████▌   | 1311/2000 [00:29<00:16, 41.16it/s]
 66%|██████▌   | 1316/2000 [00:29<00:16, 41.64it/s]
 66%|██████▌   | 1321/2000 [00:29<00:16, 41.53it/s]
 66%|██████▋   | 1326/2000 [00:29<00:16, 41.76it/s]
 67%|██████▋   | 1331/2000 [00:29<00:15, 42.63it/s]
 67%|██████▋   | 1336/2000 [00:29<00:15, 42.11it/s]
 67%|██████▋   | 1341/2000 [00:29<00:16, 40.10it/s]
 67%|██████▋   | 1346/2000 [00:30<00:19, 33.47it/s]
 68%|██████▊   | 1351/2000 [00:30<00:17, 36.24it/s]
 68%|██████▊   | 1357/2000 [00:30<00:16, 40.01it/s]
 68%|██████▊   | 1362/2000 [00:30<00:15, 40.65it/s]
 68%|██████▊   | 1368/2000 [00:30<00:14, 44.58it/s]
 69%|██████▊   | 1373/2000 [00:30<00:14, 44.10it/s]
 69%|██████▉   | 1378/2000 [00:30<00:17, 35.97it/s]
 69%|██████▉   | 1382/2000 [00:31<00:17, 34.73it/s]
 69%|██████▉   | 1388/2000 [00:31<00:15, 39.37it/s]
 70%|██████▉   | 1393/2000 [00:31<00:14, 41.07it/s]
 70%|██████▉   | 1398/2000 [00:31<00:14, 42.61it/s]
 70%|███████   | 1403/2000 [00:31<00:14, 42.52it/s]
 70%|███████   | 1409/2000 [00:31<00:16, 36.16it/s]
 71%|███████   | 1414/2000 [00:31<00:15, 37.36it/s]
 71%|███████   | 1420/2000 [00:31<00:13, 41.60it/s]
 71%|███████▏  | 1425/2000 [00:32<00:13, 42.37it/s]
 72%|███████▏  | 1430/2000 [00:32<00:13, 42.98it/s]
 72%|███████▏  | 1435/2000 [00:32<00:13, 42.92it/s]
 72%|███████▏  | 1440/2000 [00:32<00:13, 42.81it/s]
 72%|███████▏  | 1445/2000 [00:32<00:12, 43.40it/s]
 72%|███████▎  | 1450/2000 [00:32<00:12, 43.98it/s]
 73%|███████▎  | 1455/2000 [00:32<00:11, 45.43it/s]
 73%|███████▎  | 1460/2000 [00:32<00:12, 44.81it/s]
 73%|███████▎  | 1465/2000 [00:32<00:11, 44.82it/s]
 74%|███████▎  | 1470/2000 [00:33<00:11, 45.60it/s]
 74%|███████▍  | 1475/2000 [00:33<00:14, 36.04it/s]
 74%|███████▍  | 1480/2000 [00:33<00:13, 37.69it/s]
 74%|███████▍  | 1485/2000 [00:33<00:13, 39.44it/s]
 74%|███████▍  | 1490/2000 [00:33<00:12, 40.47it/s]
 75%|███████▍  | 1495/2000 [00:33<00:12, 39.35it/s]
 75%|███████▌  | 1500/2000 [00:33<00:12, 41.22it/s]
 75%|███████▌  | 1505/2000 [00:33<00:12, 41.19it/s]
 76%|███████▌  | 1510/2000 [00:34<00:11, 43.01it/s]
 76%|███████▌  | 1515/2000 [00:34<00:11, 43.61it/s]
 76%|███████▌  | 1520/2000 [00:34<00:11, 43.55it/s]
 76%|███████▋  | 1525/2000 [00:34<00:10, 43.66it/s]
 76%|███████▋  | 1530/2000 [00:34<00:10, 44.94it/s]
 77%|███████▋  | 1535/2000 [00:34<00:10, 44.83it/s]
 77%|███████▋  | 1540/2000 [00:34<00:12, 36.25it/s]
 77%|███████▋  | 1545/2000 [00:34<00:11, 37.97it/s]
 78%|███████▊  | 1551/2000 [00:35<00:10, 42.08it/s]
 78%|███████▊  | 1556/2000 [00:35<00:10, 43.47it/s]
 78%|███████▊  | 1561/2000 [00:35<00:10, 43.38it/s]
 78%|███████▊  | 1566/2000 [00:35<00:09, 43.88it/s]
 79%|███████▊  | 1571/2000 [00:35<00:09, 45.42it/s]
 79%|███████▉  | 1577/2000 [00:35<00:08, 47.24it/s]
 79%|███████▉  | 1582/2000 [00:35<00:09, 45.45it/s]
 79%|███████▉  | 1587/2000 [00:35<00:09, 45.12it/s]
 80%|███████▉  | 1592/2000 [00:35<00:09, 43.69it/s]
 80%|███████▉  | 1597/2000 [00:36<00:09, 44.23it/s]
 80%|████████  | 1602/2000 [00:36<00:11, 35.55it/s]
 80%|████████  | 1607/2000 [00:36<00:10, 38.37it/s]
 81%|████████  | 1612/2000 [00:36<00:09, 39.91it/s]
 81%|████████  | 1617/2000 [00:36<00:09, 41.63it/s]
 81%|████████  | 1622/2000 [00:36<00:09, 41.16it/s]
 81%|████████▏ | 1628/2000 [00:36<00:08, 43.49it/s]
 82%|████████▏ | 1633/2000 [00:36<00:08, 44.70it/s]
 82%|████████▏ | 1638/2000 [00:37<00:08, 45.02it/s]
 82%|████████▏ | 1643/2000 [00:37<00:07, 44.86it/s]
 82%|████████▏ | 1648/2000 [00:37<00:08, 42.26it/s]
 83%|████████▎ | 1653/2000 [00:37<00:08, 40.35it/s]
 83%|████████▎ | 1658/2000 [00:37<00:08, 39.88it/s]
 83%|████████▎ | 1663/2000 [00:37<00:08, 37.69it/s]
 83%|████████▎ | 1667/2000 [00:37<00:11, 28.75it/s]
 84%|████████▎ | 1671/2000 [00:38<00:11, 29.64it/s]
 84%|████████▍ | 1675/2000 [00:38<00:10, 30.84it/s]
 84%|████████▍ | 1679/2000 [00:38<00:09, 32.59it/s]
 84%|████████▍ | 1683/2000 [00:38<00:10, 30.61it/s]
 84%|████████▍ | 1688/2000 [00:38<00:09, 33.53it/s]
 85%|████████▍ | 1692/2000 [00:38<00:08, 34.30it/s]
 85%|████████▍ | 1696/2000 [00:38<00:08, 34.57it/s]
 85%|████████▌ | 1700/2000 [00:38<00:08, 34.47it/s]
 85%|████████▌ | 1704/2000 [00:39<00:08, 34.87it/s]
 85%|████████▌ | 1709/2000 [00:39<00:07, 37.54it/s]
 86%|████████▌ | 1713/2000 [00:39<00:07, 37.45it/s]
 86%|████████▌ | 1718/2000 [00:39<00:07, 39.71it/s]
 86%|████████▌ | 1722/2000 [00:39<00:07, 36.44it/s]
 86%|████████▋ | 1726/2000 [00:39<00:07, 37.21it/s]
 86%|████████▋ | 1730/2000 [00:39<00:08, 32.32it/s]
 87%|████████▋ | 1735/2000 [00:39<00:07, 34.80it/s]
 87%|████████▋ | 1740/2000 [00:39<00:06, 37.17it/s]
 87%|████████▋ | 1745/2000 [00:40<00:06, 39.01it/s]
 88%|████████▊ | 1750/2000 [00:40<00:06, 40.17it/s]
 88%|████████▊ | 1755/2000 [00:40<00:06, 40.62it/s]
 88%|████████▊ | 1760/2000 [00:40<00:05, 41.51it/s]
 88%|████████▊ | 1765/2000 [00:40<00:05, 42.21it/s]
 88%|████████▊ | 1770/2000 [00:40<00:05, 42.82it/s]
 89%|████████▉ | 1775/2000 [00:40<00:05, 43.73it/s]
 89%|████████▉ | 1781/2000 [00:40<00:04, 45.84it/s]
 89%|████████▉ | 1787/2000 [00:41<00:04, 46.42it/s]
 90%|████████▉ | 1792/2000 [00:41<00:04, 44.37it/s]
 90%|████████▉ | 1797/2000 [00:41<00:05, 36.22it/s]
 90%|█████████ | 1802/2000 [00:41<00:05, 38.61it/s]
 90%|█████████ | 1807/2000 [00:41<00:04, 40.94it/s]
 91%|█████████ | 1812/2000 [00:41<00:04, 41.32it/s]
 91%|█████████ | 1817/2000 [00:41<00:04, 42.22it/s]
 91%|█████████ | 1822/2000 [00:41<00:04, 41.26it/s]
 91%|█████████▏| 1827/2000 [00:42<00:03, 43.43it/s]
 92%|█████████▏| 1832/2000 [00:42<00:03, 43.90it/s]
 92%|█████████▏| 1837/2000 [00:42<00:03, 45.39it/s]
 92%|█████████▏| 1842/2000 [00:42<00:03, 44.38it/s]
 92%|█████████▏| 1847/2000 [00:42<00:03, 45.49it/s]
 93%|█████████▎| 1852/2000 [00:42<00:03, 45.70it/s]
 93%|█████████▎| 1857/2000 [00:42<00:03, 36.37it/s]
 93%|█████████▎| 1862/2000 [00:42<00:03, 39.13it/s]
 93%|█████████▎| 1867/2000 [00:42<00:03, 41.54it/s]
 94%|█████████▎| 1872/2000 [00:43<00:03, 42.45it/s]
 94%|█████████▍| 1877/2000 [00:43<00:02, 43.51it/s]
 94%|█████████▍| 1882/2000 [00:43<00:02, 43.40it/s]
 94%|█████████▍| 1887/2000 [00:43<00:02, 43.91it/s]
 95%|█████████▍| 1892/2000 [00:43<00:02, 42.91it/s]
 95%|█████████▍| 1897/2000 [00:43<00:02, 43.26it/s]
 95%|█████████▌| 1902/2000 [00:43<00:02, 45.02it/s]
 95%|█████████▌| 1907/2000 [00:43<00:02, 43.91it/s]
 96%|█████████▌| 1912/2000 [00:44<00:02, 41.99it/s]
 96%|█████████▌| 1917/2000 [00:44<00:01, 43.20it/s]
 96%|█████████▌| 1922/2000 [00:44<00:02, 35.94it/s]
 96%|█████████▋| 1927/2000 [00:44<00:01, 38.30it/s]
 97%|█████████▋| 1932/2000 [00:44<00:01, 40.22it/s]
 97%|█████████▋| 1937/2000 [00:44<00:01, 41.71it/s]
 97%|█████████▋| 1942/2000 [00:44<00:01, 41.82it/s]
 97%|█████████▋| 1948/2000 [00:44<00:01, 44.17it/s]
 98%|█████████▊| 1953/2000 [00:45<00:01, 44.33it/s]
 98%|█████████▊| 1958/2000 [00:45<00:00, 45.12it/s]
 98%|█████████▊| 1963/2000 [00:45<00:00, 44.91it/s]
 98%|█████████▊| 1968/2000 [00:45<00:00, 45.48it/s]
 99%|█████████▊| 1974/2000 [00:45<00:00, 46.99it/s]
 99%|█████████▉| 1979/2000 [00:45<00:00, 47.00it/s]
 99%|█████████▉| 1984/2000 [00:45<00:00, 45.28it/s]
 99%|█████████▉| 1989/2000 [00:45<00:00, 37.35it/s]
100%|█████████▉| 1994/2000 [00:45<00:00, 39.25it/s]
100%|█████████▉| 1999/2000 [00:46<00:00, 40.21it/s]
                                                   

  0%|          | 0/2000 [00:00<?, ?it/s]
  0%|          | 1/2000 [00:00<04:53,  6.82it/s]
  0%|          | 5/2000 [00:00<01:27, 22.70it/s]
  0%|          | 10/2000 [00:00<00:59, 33.49it/s]
  1%|          | 15/2000 [00:00<00:52, 37.90it/s]
  1%|          | 21/2000 [00:00<00:46, 42.43it/s]
  1%|▏         | 26/2000 [00:00<00:45, 43.54it/s]
  2%|▏         | 31/2000 [00:00<00:46, 42.39it/s]
  2%|▏         | 36/2000 [00:00<00:45, 43.55it/s]
  2%|▏         | 41/2000 [00:01<00:45, 42.76it/s]
  2%|▏         | 46/2000 [00:01<00:43, 44.76it/s]
  3%|▎         | 51/2000 [00:01<00:44, 44.12it/s]
  3%|▎         | 56/2000 [00:01<00:47, 40.75it/s]
  3%|▎         | 61/2000 [00:01<00:55, 35.03it/s]
  3%|▎         | 65/2000 [00:01<01:06, 29.00it/s]
  4%|▎         | 71/2000 [00:01<00:56, 34.35it/s]
  4%|▍         | 77/2000 [00:02<00:48, 39.97it/s]
  4%|▍         | 84/2000 [00:02<00:42, 45.54it/s]
  4%|▍         | 90/2000 [00:02<00:39, 48.11it/s]
  5%|▍         | 96/2000 [00:02<00:39, 47.77it/s]
  5%|▌         | 102/2000 [00:02<00:37, 50.03it/s]
  5%|▌         | 108/2000 [00:02<00:37, 50.47it/s]
  6%|▌         | 114/2000 [00:02<00:38, 49.57it/s]
  6%|▌         | 120/2000 [00:02<00:39, 47.65it/s]
  6%|▋         | 126/2000 [00:02<00:38, 48.85it/s]
  7%|▋         | 131/2000 [00:03<00:45, 40.80it/s]
  7%|▋         | 137/2000 [00:03<00:41, 44.85it/s]
  7%|▋         | 143/2000 [00:03<00:40, 46.34it/s]
  7%|▋         | 148/2000 [00:03<00:39, 46.69it/s]
  8%|▊         | 153/2000 [00:03<00:39, 46.60it/s]
  8%|▊         | 159/2000 [00:03<00:37, 48.57it/s]
  8%|▊         | 164/2000 [00:03<00:37, 48.88it/s]
  8%|▊         | 170/2000 [00:03<00:35, 51.40it/s]
  9%|▉         | 176/2000 [00:04<00:35, 51.35it/s]
  9%|▉         | 182/2000 [00:04<00:35, 50.74it/s]
  9%|▉         | 188/2000 [00:04<00:34, 52.51it/s]
 10%|▉         | 194/2000 [00:04<00:41, 44.03it/s]
 10%|█         | 200/2000 [00:04<00:38, 47.30it/s]
 10%|█         | 205/2000 [00:04<00:39, 45.21it/s]
 10%|█         | 210/2000 [00:04<00:43, 40.98it/s]
 11%|█         | 215/2000 [00:05<00:52, 33.96it/s]
 11%|█         | 219/2000 [00:05<00:59, 30.13it/s]
 11%|█         | 223/2000 [00:05<01:05, 27.14it/s]
 11%|█▏        | 226/2000 [00:05<01:04, 27.48it/s]
 12%|█▏        | 230/2000 [00:05<01:02, 28.33it/s]
 12%|█▏        | 234/2000 [00:05<00:57, 30.57it/s]
 12%|█▏        | 239/2000 [00:05<00:50, 34.58it/s]
 12%|█▏        | 243/2000 [00:05<00:49, 35.43it/s]
 12%|█▏        | 248/2000 [00:06<00:45, 38.71it/s]
 13%|█▎        | 254/2000 [00:06<00:40, 43.13it/s]
 13%|█▎        | 259/2000 [00:06<00:49, 34.85it/s]
 13%|█▎        | 264/2000 [00:06<00:46, 37.24it/s]
 14%|█▎        | 270/2000 [00:06<00:42, 40.78it/s]
 14%|█▍        | 275/2000 [00:06<00:41, 41.84it/s]
 14%|█▍        | 280/2000 [00:06<00:40, 42.45it/s]
 14%|█▍        | 285/2000 [00:06<00:40, 42.69it/s]
 14%|█▍        | 290/2000 [00:07<00:39, 43.62it/s]
 15%|█▍        | 295/2000 [00:07<00:39, 43.36it/s]
 15%|█▌        | 300/2000 [00:07<00:38, 44.08it/s]
 15%|█▌        | 305/2000 [00:07<00:39, 43.44it/s]
 16%|█▌        | 311/2000 [00:07<00:37, 44.58it/s]
 16%|█▌        | 316/2000 [00:07<00:37, 45.47it/s]
 16%|█▌        | 321/2000 [00:07<00:47, 35.36it/s]
 16%|█▋        | 326/2000 [00:07<00:43, 38.37it/s]
 17%|█▋        | 331/2000 [00:08<00:42, 39.61it/s]
 17%|█▋        | 336/2000 [00:08<00:39, 41.90it/s]
 17%|█▋        | 341/2000 [00:08<00:38, 42.65it/s]
 17%|█▋        | 346/2000 [00:08<00:37, 43.58it/s]
 18%|█▊        | 351/2000 [00:08<00:36, 44.62it/s]
 18%|█▊        | 356/2000 [00:08<00:36, 45.06it/s]
 18%|█▊        | 361/2000 [00:08<00:36, 45.47it/s]
 18%|█▊        | 366/2000 [00:08<00:36, 45.26it/s]
 19%|█▊        | 371/2000 [00:08<00:35, 45.35it/s]
 19%|█▉        | 376/2000 [00:09<00:35, 45.52it/s]
 19%|█▉        | 382/2000 [00:09<00:34, 47.32it/s]
 19%|█▉        | 387/2000 [00:09<00:43, 37.34it/s]
 20%|█▉        | 392/2000 [00:09<00:41, 38.76it/s]
 20%|█▉        | 398/2000 [00:09<00:38, 41.75it/s]
 20%|██        | 403/2000 [00:09<00:37, 42.47it/s]
 20%|██        | 408/2000 [00:09<00:36, 43.45it/s]
 21%|██        | 413/2000 [00:09<00:36, 43.66it/s]
 21%|██        | 418/2000 [00:10<00:35, 44.28it/s]
 21%|██        | 423/2000 [00:10<00:35, 44.12it/s]
 21%|██▏       | 428/2000 [00:10<00:36, 43.03it/s]
 22%|██▏       | 433/2000 [00:10<00:36, 42.84it/s]
 22%|██▏       | 438/2000 [00:10<00:35, 43.59it/s]
 22%|██▏       | 443/2000 [00:10<00:38, 39.97it/s]
 22%|██▏       | 448/2000 [00:10<00:38, 40.11it/s]
 23%|██▎       | 453/2000 [00:11<00:49, 31.21it/s]
 23%|██▎       | 457/2000 [00:11<00:49, 31.24it/s]
 23%|██▎       | 461/2000 [00:11<00:47, 32.43it/s]
 23%|██▎       | 465/2000 [00:11<00:45, 33.79it/s]
 23%|██▎       | 469/2000 [00:11<00:45, 33.83it/s]
 24%|██▎       | 473/2000 [00:11<00:46, 33.16it/s]
 24%|██▍       | 478/2000 [00:11<00:43, 35.13it/s]
 24%|██▍       | 482/2000 [00:11<00:44, 34.05it/s]
 24%|██▍       | 486/2000 [00:12<00:45, 33.52it/s]
 24%|██▍       | 490/2000 [00:12<00:45, 33.30it/s]
 25%|██▍       | 495/2000 [00:12<00:42, 35.64it/s]
 25%|██▍       | 499/2000 [00:12<00:40, 36.71it/s]
 25%|██▌       | 504/2000 [00:12<00:38, 39.21it/s]
 25%|██▌       | 509/2000 [00:12<00:37, 40.24it/s]
 26%|██▌       | 514/2000 [00:12<00:55, 26.57it/s]
 26%|██▌       | 518/2000 [00:13<00:52, 28.30it/s]
 26%|██▌       | 522/2000 [00:13<00:48, 30.51it/s]
 26%|██▋       | 527/2000 [00:13<00:42, 34.43it/s]
 27%|██▋       | 532/2000 [00:13<00:39, 37.18it/s]
 27%|██▋       | 537/2000 [00:13<00:36, 40.20it/s]
 27%|██▋       | 542/2000 [00:13<00:35, 40.72it/s]
 27%|██▋       | 547/2000 [00:13<00:35, 41.42it/s]
 28%|██▊       | 552/2000 [00:13<00:33, 42.90it/s]
 28%|██▊       | 558/2000 [00:13<00:31, 45.30it/s]
 28%|██▊       | 563/2000 [00:14<00:31, 45.19it/s]
 28%|██▊       | 568/2000 [00:14<00:31, 45.15it/s]
 29%|██▊       | 573/2000 [00:14<00:32, 43.59it/s]
 29%|██▉       | 578/2000 [00:14<00:39, 36.01it/s]
 29%|██▉       | 584/2000 [00:14<00:35, 39.94it/s]
 29%|██▉       | 589/2000 [00:14<00:33, 41.52it/s]
 30%|██▉       | 594/2000 [00:14<00:33, 42.53it/s]
 30%|██▉       | 599/2000 [00:14<00:34, 41.02it/s]
 30%|███       | 604/2000 [00:15<00:34, 40.97it/s]
 30%|███       | 609/2000 [00:15<00:33, 41.52it/s]
 31%|███       | 614/2000 [00:15<00:33, 41.99it/s]
 31%|███       | 619/2000 [00:15<00:31, 43.83it/s]
 31%|███       | 624/2000 [00:15<00:31, 43.97it/s]
 31%|███▏      | 629/2000 [00:15<00:32, 42.48it/s]
 32%|███▏      | 634/2000 [00:15<00:32, 41.78it/s]
 32%|███▏      | 639/2000 [00:15<00:32, 42.02it/s]
 32%|███▏      | 644/2000 [00:16<00:41, 32.72it/s]
 32%|███▏      | 648/2000 [00:16<00:40, 33.65it/s]
 33%|███▎      | 652/2000 [00:16<00:38, 34.76it/s]
 33%|███▎      | 657/2000 [00:16<00:35, 37.47it/s]
 33%|███▎      | 662/2000 [00:16<00:33, 39.47it/s]
 33%|███▎      | 667/2000 [00:16<00:32, 40.48it/s]
 34%|███▎      | 672/2000 [00:16<00:32, 40.49it/s]
 34%|███▍      | 677/2000 [00:16<00:30, 42.81it/s]
 34%|███▍      | 682/2000 [00:16<00:30, 43.00it/s]
 34%|███▍      | 687/2000 [00:17<00:30, 42.98it/s]
 35%|███▍      | 692/2000 [00:17<00:30, 42.25it/s]
 35%|███▍      | 698/2000 [00:17<00:28, 44.98it/s]
 35%|███▌      | 703/2000 [00:17<00:29, 44.56it/s]
 35%|███▌      | 708/2000 [00:17<00:36, 35.56it/s]
 36%|███▌      | 713/2000 [00:17<00:34, 37.26it/s]
 36%|███▌      | 718/2000 [00:17<00:32, 39.25it/s]
 36%|███▌      | 723/2000 [00:18<00:32, 39.25it/s]
 36%|███▋      | 728/2000 [00:18<00:31, 39.99it/s]
 37%|███▋      | 733/2000 [00:18<00:31, 39.70it/s]
 37%|███▋      | 738/2000 [00:18<00:30, 40.76it/s]
 37%|███▋      | 743/2000 [00:18<00:31, 40.10it/s]
 37%|███▋      | 749/2000 [00:18<00:29, 42.81it/s]
 38%|███▊      | 754/2000 [00:18<00:30, 40.50it/s]
 38%|███▊      | 759/2000 [00:18<00:31, 39.23it/s]
 38%|███▊      | 763/2000 [00:19<00:32, 38.04it/s]
 38%|███▊      | 767/2000 [00:19<00:32, 37.90it/s]
 39%|███▊      | 771/2000 [00:19<00:41, 29.60it/s]
 39%|███▉      | 776/2000 [00:19<00:36, 33.53it/s]
 39%|███▉      | 780/2000 [00:19<00:34, 34.86it/s]
 39%|███▉      | 784/2000 [00:19<00:35, 33.96it/s]
 39%|███▉      | 788/2000 [00:19<00:35, 34.18it/s]
 40%|███▉      | 792/2000 [00:19<00:34, 35.44it/s]
 40%|███▉      | 796/2000 [00:20<00:35, 34.23it/s]
 40%|████      | 800/2000 [00:20<00:33, 35.59it/s]
 40%|████      | 804/2000 [00:20<00:34, 35.00it/s]
 40%|████      | 808/2000 [00:20<00:34, 34.19it/s]
 41%|████      | 812/2000 [00:20<00:36, 32.16it/s]
 41%|████      | 817/2000 [00:20<00:33, 35.77it/s]
 41%|████      | 822/2000 [00:20<00:30, 38.24it/s]
 41%|████▏     | 826/2000 [00:20<00:32, 35.75it/s]
 42%|████▏     | 830/2000 [00:21<00:35, 32.98it/s]
 42%|████▏     | 834/2000 [00:21<00:47, 24.78it/s]
 42%|████▏     | 838/2000 [00:21<00:41, 27.83it/s]
 42%|████▏     | 842/2000 [00:21<00:39, 29.67it/s]
 42%|████▏     | 846/2000 [00:21<00:37, 30.94it/s]
 42%|████▎     | 850/2000 [00:21<00:36, 31.80it/s]
 43%|████▎     | 855/2000 [00:21<00:33, 34.55it/s]
 43%|████▎     | 859/2000 [00:21<00:32, 34.91it/s]
 43%|████▎     | 863/2000 [00:22<00:33, 34.02it/s]
 43%|████▎     | 867/2000 [00:22<00:32, 34.77it/s]
 44%|████▎     | 872/2000 [00:22<00:31, 36.28it/s]
 44%|████▍     | 876/2000 [00:22<00:31, 36.25it/s]
 44%|████▍     | 880/2000 [00:22<00:31, 35.48it/s]
 44%|████▍     | 884/2000 [00:22<00:30, 36.24it/s]
 44%|████▍     | 889/2000 [00:22<00:29, 37.31it/s]
 45%|████▍     | 893/2000 [00:22<00:29, 37.60it/s]
 45%|████▍     | 897/2000 [00:23<00:39, 27.93it/s]
 45%|████▌     | 901/2000 [00:23<00:38, 28.75it/s]
 45%|████▌     | 906/2000 [00:23<00:34, 32.01it/s]
 46%|████▌     | 911/2000 [00:23<00:32, 33.76it/s]
 46%|████▌     | 916/2000 [00:23<00:30, 35.89it/s]
 46%|████▌     | 921/2000 [00:23<00:28, 37.82it/s]
 46%|████▋     | 926/2000 [00:23<00:27, 39.17it/s]
 47%|████▋     | 931/2000 [00:23<00:27, 38.82it/s]
 47%|████▋     | 936/2000 [00:24<00:26, 40.43it/s]
 47%|████▋     | 941/2000 [00:24<00:25, 41.13it/s]
 47%|████▋     | 946/2000 [00:24<00:25, 41.96it/s]
 48%|████▊     | 951/2000 [00:24<00:24, 43.58it/s]
 48%|████▊     | 956/2000 [00:24<00:23, 45.22it/s]
 48%|████▊     | 961/2000 [00:24<00:30, 34.11it/s]
 48%|████▊     | 967/2000 [00:24<00:27, 38.23it/s]
 49%|████▊     | 972/2000 [00:25<00:26, 38.88it/s]
 49%|████▉     | 977/2000 [00:25<00:24, 41.19it/s]
 49%|████▉     | 982/2000 [00:25<00:24, 41.34it/s]
 49%|████▉     | 987/2000 [00:25<00:23, 43.07it/s]
 50%|████▉     | 992/2000 [00:25<00:23, 43.38it/s]
 50%|████▉     | 997/2000 [00:25<00:23, 43.59it/s]
 50%|█████     | 1002/2000 [00:25<00:22, 43.72it/s]
 50%|█████     | 1007/2000 [00:25<00:23, 43.08it/s]
 51%|█████     | 1012/2000 [00:25<00:23, 42.24it/s]
 51%|█████     | 1017/2000 [00:26<00:23, 42.19it/s]
 51%|█████     | 1022/2000 [00:26<00:22, 42.63it/s]
 51%|█████▏    | 1027/2000 [00:26<00:27, 35.00it/s]
 52%|█████▏    | 1032/2000 [00:26<00:25, 37.25it/s]
 52%|█████▏    | 1037/2000 [00:26<00:24, 39.35it/s]
 52%|█████▏    | 1042/2000 [00:26<00:24, 39.22it/s]
 52%|█████▏    | 1047/2000 [00:26<00:22, 41.93it/s]
 53%|█████▎    | 1052/2000 [00:26<00:21, 43.58it/s]
 53%|█████▎    | 1057/2000 [00:27<00:22, 42.29it/s]
 53%|█████▎    | 1062/2000 [00:27<00:22, 41.06it/s]
 53%|█████▎    | 1067/2000 [00:27<00:22, 42.22it/s]
 54%|█████▎    | 1072/2000 [00:27<00:22, 41.37it/s]
 54%|█████▍    | 1077/2000 [00:27<00:22, 41.37it/s]
 54%|█████▍    | 1082/2000 [00:27<00:24, 37.74it/s]
 54%|█████▍    | 1087/2000 [00:27<00:23, 38.87it/s]
 55%|█████▍    | 1091/2000 [00:28<00:28, 31.36it/s]
 55%|█████▍    | 1096/2000 [00:28<00:26, 34.41it/s]
 55%|█████▌    | 1101/2000 [00:28<00:25, 35.84it/s]
 55%|█████▌    | 1105/2000 [00:28<00:24, 36.79it/s]
 56%|█████▌    | 1110/2000 [00:28<00:22, 39.41it/s]
 56%|█████▌    | 1115/2000 [00:28<00:22, 40.20it/s]
 56%|█████▌    | 1120/2000 [00:28<00:20, 42.13it/s]
 56%|█████▋    | 1125/2000 [00:28<00:20, 42.11it/s]
 56%|█████▋    | 1130/2000 [00:28<00:20, 42.92it/s]
 57%|█████▋    | 1135/2000 [00:29<00:20, 41.74it/s]
 57%|█████▋    | 1140/2000 [00:29<00:19, 43.64it/s]
 57%|█████▋    | 1145/2000 [00:29<00:19, 43.57it/s]
 57%|█████▊    | 1150/2000 [00:29<00:19, 43.27it/s]
 58%|█████▊    | 1155/2000 [00:29<00:24, 34.15it/s]
 58%|█████▊    | 1159/2000 [00:29<00:23, 35.10it/s]
 58%|█████▊    | 1163/2000 [00:29<00:23, 35.46it/s]
 58%|█████▊    | 1168/2000 [00:29<00:21, 37.88it/s]
 59%|█████▊    | 1173/2000 [00:30<00:20, 39.96it/s]
 59%|█████▉    | 1178/2000 [00:30<00:20, 41.03it/s]
 59%|█████▉    | 1183/2000 [00:30<00:19, 41.00it/s]
 59%|█████▉    | 1188/2000 [00:30<00:18, 43.03it/s]
 60%|█████▉    | 1193/2000 [00:30<00:19, 41.38it/s]
 60%|█████▉    | 1198/2000 [00:30<00:19, 40.61it/s]
 60%|██████    | 1203/2000 [00:30<00:19, 41.63it/s]
 60%|██████    | 1208/2000 [00:30<00:19, 41.58it/s]
 61%|██████    | 1213/2000 [00:30<00:18, 43.25it/s]
 61%|██████    | 1218/2000 [00:31<00:21, 36.98it/s]
 61%|██████    | 1223/2000 [00:31<00:19, 39.11it/s]
 61%|██████▏   | 1228/2000 [00:31<00:19, 40.01it/s]
 62%|██████▏   | 1233/2000 [00:31<00:18, 40.89it/s]
 62%|██████▏   | 1238/2000 [00:31<00:17, 42.83it/s]
 62%|██████▏   | 1243/2000 [00:31<00:17, 43.94it/s]
 62%|██████▏   | 1248/2000 [00:31<00:17, 43.48it/s]
 63%|██████▎   | 1253/2000 [00:31<00:16, 44.46it/s]
 63%|██████▎   | 1258/2000 [00:32<00:16, 44.18it/s]
 63%|██████▎   | 1263/2000 [00:32<00:16, 44.31it/s]
 63%|██████▎   | 1268/2000 [00:32<00:16, 45.27it/s]
 64%|██████▎   | 1273/2000 [00:32<00:16, 44.08it/s]
 64%|██████▍   | 1278/2000 [00:32<00:16, 43.22it/s]
 64%|██████▍   | 1283/2000 [00:32<00:20, 34.77it/s]
 64%|██████▍   | 1288/2000 [00:32<00:19, 36.60it/s]
 65%|██████▍   | 1292/2000 [00:32<00:19, 36.68it/s]
 65%|██████▍   | 1297/2000 [00:33<00:18, 38.79it/s]
 65%|██████▌   | 1302/2000 [00:33<00:19, 35.41it/s]
 65%|██████▌   | 1306/2000 [00:33<00:19, 35.70it/s]
 66%|██████▌   | 1311/2000 [00:33<00:18, 37.27it/s]
 66%|██████▌   | 1317/2000 [00:33<00:16, 40.77it/s]
 66%|██████▌   | 1322/2000 [00:33<00:16, 41.27it/s]
 66%|██████▋   | 1327/2000 [00:33<00:16, 42.02it/s]
 67%|██████▋   | 1332/2000 [00:33<00:18, 35.34it/s]
 67%|██████▋   | 1337/2000 [00:34<00:17, 38.02it/s]
 67%|██████▋   | 1342/2000 [00:34<00:16, 39.39it/s]
 67%|██████▋   | 1347/2000 [00:34<00:19, 33.83it/s]
 68%|██████▊   | 1352/2000 [00:34<00:17, 36.93it/s]
 68%|██████▊   | 1358/2000 [00:34<00:15, 40.49it/s]
 68%|██████▊   | 1363/2000 [00:34<00:15, 40.51it/s]
 68%|██████▊   | 1368/2000 [00:34<00:15, 40.55it/s]
 69%|██████▊   | 1373/2000 [00:35<00:15, 41.10it/s]
 69%|██████▉   | 1378/2000 [00:35<00:15, 41.27it/s]
 69%|██████▉   | 1383/2000 [00:35<00:14, 41.43it/s]
 69%|██████▉   | 1388/2000 [00:35<00:14, 42.60it/s]
 70%|██████▉   | 1393/2000 [00:35<00:14, 41.12it/s]
 70%|██████▉   | 1398/2000 [00:35<00:14, 41.28it/s]
 70%|███████   | 1403/2000 [00:35<00:14, 40.95it/s]
 70%|███████   | 1408/2000 [00:35<00:13, 42.55it/s]
 71%|███████   | 1413/2000 [00:36<00:17, 34.36it/s]
 71%|███████   | 1418/2000 [00:36<00:15, 36.94it/s]
 71%|███████   | 1423/2000 [00:36<00:14, 38.90it/s]
 71%|███████▏  | 1428/2000 [00:36<00:14, 40.65it/s]
 72%|███████▏  | 1433/2000 [00:36<00:13, 41.67it/s]
 72%|███████▏  | 1438/2000 [00:36<00:14, 39.87it/s]
 72%|███████▏  | 1443/2000 [00:36<00:13, 41.12it/s]
 72%|███████▏  | 1448/2000 [00:36<00:13, 42.36it/s]
 73%|███████▎  | 1453/2000 [00:36<00:13, 41.59it/s]
 73%|███████▎  | 1458/2000 [00:37<00:12, 43.31it/s]
 73%|███████▎  | 1463/2000 [00:37<00:12, 42.35it/s]
 73%|███████▎  | 1468/2000 [00:37<00:12, 43.71it/s]
 74%|███████▎  | 1473/2000 [00:37<00:15, 34.17it/s]
 74%|███████▍  | 1478/2000 [00:37<00:13, 37.36it/s]
 74%|███████▍  | 1483/2000 [00:37<00:13, 39.26it/s]
 74%|███████▍  | 1488/2000 [00:37<00:12, 40.79it/s]
 75%|███████▍  | 1493/2000 [00:37<00:12, 42.08it/s]
 75%|███████▍  | 1498/2000 [00:38<00:11, 43.88it/s]
 75%|███████▌  | 1503/2000 [00:38<00:11, 44.14it/s]
 75%|███████▌  | 1508/2000 [00:38<00:11, 43.56it/s]
 76%|███████▌  | 1513/2000 [00:38<00:12, 40.44it/s]
 76%|███████▌  | 1518/2000 [00:38<00:11, 42.68it/s]
 76%|███████▌  | 1523/2000 [00:38<00:11, 41.56it/s]
 76%|███████▋  | 1528/2000 [00:38<00:10, 43.33it/s]
 77%|███████▋  | 1534/2000 [00:38<00:10, 45.02it/s]
 77%|███████▋  | 1539/2000 [00:39<00:12, 35.64it/s]
 77%|███████▋  | 1544/2000 [00:39<00:11, 38.50it/s]
 77%|███████▋  | 1549/2000 [00:39<00:11, 40.94it/s]
 78%|███████▊  | 1554/2000 [00:39<00:10, 41.31it/s]
 78%|███████▊  | 1559/2000 [00:39<00:10, 42.04it/s]
 78%|███████▊  | 1564/2000 [00:39<00:11, 36.96it/s]
 78%|███████▊  | 1568/2000 [00:39<00:14, 30.85it/s]
 79%|███████▊  | 1572/2000 [00:40<00:16, 25.21it/s]
 79%|███████▉  | 1575/2000 [00:40<00:17, 24.71it/s]
 79%|███████▉  | 1578/2000 [00:40<00:17, 24.65it/s]
 79%|███████▉  | 1581/2000 [00:40<00:18, 22.38it/s]
 79%|███████▉  | 1584/2000 [00:40<00:19, 21.15it/s]
 79%|███████▉  | 1588/2000 [00:40<00:17, 23.46it/s]
 80%|███████▉  | 1591/2000 [00:40<00:16, 24.48it/s]
 80%|███████▉  | 1595/2000 [00:41<00:14, 27.59it/s]
 80%|████████  | 1600/2000 [00:41<00:12, 31.60it/s]
 80%|████████  | 1604/2000 [00:41<00:14, 26.54it/s]
 80%|████████  | 1608/2000 [00:41<00:13, 29.07it/s]
 81%|████████  | 1612/2000 [00:41<00:12, 30.30it/s]
 81%|████████  | 1616/2000 [00:41<00:11, 32.42it/s]
 81%|████████  | 1620/2000 [00:41<00:11, 34.14it/s]
 81%|████████  | 1624/2000 [00:41<00:10, 34.59it/s]
 81%|████████▏ | 1628/2000 [00:42<00:10, 35.01it/s]
 82%|████████▏ | 1632/2000 [00:42<00:11, 32.79it/s]
 82%|████████▏ | 1636/2000 [00:42<00:10, 33.84it/s]
 82%|████████▏ | 1641/2000 [00:42<00:10, 35.56it/s]
 82%|████████▏ | 1646/2000 [00:42<00:09, 37.78it/s]
 83%|████████▎ | 1651/2000 [00:42<00:08, 39.12it/s]
 83%|████████▎ | 1656/2000 [00:42<00:08, 40.33it/s]
 83%|████████▎ | 1661/2000 [00:42<00:08, 41.38it/s]
 83%|████████▎ | 1666/2000 [00:43<00:09, 33.94it/s]
 84%|████████▎ | 1671/2000 [00:43<00:09, 36.44it/s]
 84%|████████▍ | 1675/2000 [00:43<00:08, 37.20it/s]
 84%|████████▍ | 1680/2000 [00:43<00:08, 38.12it/s]
 84%|████████▍ | 1684/2000 [00:43<00:08, 36.13it/s]
 84%|████████▍ | 1689/2000 [00:43<00:08, 37.25it/s]
 85%|████████▍ | 1693/2000 [00:43<00:08, 37.39it/s]
 85%|████████▍ | 1697/2000 [00:43<00:08, 36.01it/s]
 85%|████████▌ | 1701/2000 [00:44<00:08, 35.15it/s]
 85%|████████▌ | 1705/2000 [00:44<00:08, 35.86it/s]
 86%|████████▌ | 1710/2000 [00:44<00:07, 38.88it/s]
 86%|████████▌ | 1715/2000 [00:44<00:07, 39.28it/s]
 86%|████████▌ | 1720/2000 [00:44<00:06, 42.06it/s]
 86%|████████▋ | 1725/2000 [00:44<00:07, 35.11it/s]
 86%|████████▋ | 1729/2000 [00:44<00:09, 29.34it/s]
 87%|████████▋ | 1733/2000 [00:45<00:08, 31.21it/s]
 87%|████████▋ | 1738/2000 [00:45<00:07, 34.49it/s]
 87%|████████▋ | 1743/2000 [00:45<00:07, 36.15it/s]
 87%|████████▋ | 1748/2000 [00:45<00:06, 37.94it/s]
 88%|████████▊ | 1753/2000 [00:45<00:06, 40.01it/s]
 88%|████████▊ | 1758/2000 [00:45<00:06, 39.84it/s]
 88%|████████▊ | 1763/2000 [00:45<00:05, 41.18it/s]
 88%|████████▊ | 1768/2000 [00:45<00:05, 41.58it/s]
 89%|████████▊ | 1773/2000 [00:45<00:05, 42.43it/s]
 89%|████████▉ | 1778/2000 [00:46<00:05, 43.52it/s]
 89%|████████▉ | 1783/2000 [00:46<00:04, 43.86it/s]
 89%|████████▉ | 1788/2000 [00:46<00:04, 44.36it/s]
 90%|████████▉ | 1793/2000 [00:46<00:05, 36.07it/s]
 90%|████████▉ | 1798/2000 [00:46<00:05, 38.66it/s]
 90%|█████████ | 1803/2000 [00:46<00:04, 39.78it/s]
 90%|█████████ | 1808/2000 [00:46<00:04, 41.20it/s]
 91%|█████████ | 1813/2000 [00:46<00:04, 41.54it/s]
 91%|█████████ | 1818/2000 [00:47<00:04, 41.54it/s]
 91%|█████████ | 1823/2000 [00:47<00:04, 41.14it/s]
 91%|█████████▏| 1828/2000 [00:47<00:04, 42.80it/s]
 92%|█████████▏| 1833/2000 [00:47<00:04, 41.42it/s]
 92%|█████████▏| 1839/2000 [00:47<00:03, 43.90it/s]
 92%|█████████▏| 1844/2000 [00:47<00:03, 42.63it/s]
 92%|█████████▏| 1849/2000 [00:47<00:03, 42.61it/s]
 93%|█████████▎| 1854/2000 [00:47<00:03, 41.84it/s]
 93%|█████████▎| 1859/2000 [00:48<00:04, 34.78it/s]
 93%|█████████▎| 1864/2000 [00:48<00:03, 36.68it/s]
 94%|█████████▎| 1870/2000 [00:48<00:03, 41.14it/s]
 94%|█████████▍| 1875/2000 [00:48<00:03, 41.53it/s]
 94%|█████████▍| 1880/2000 [00:48<00:02, 41.52it/s]
 94%|█████████▍| 1885/2000 [00:48<00:02, 40.16it/s]
 95%|█████████▍| 1891/2000 [00:48<00:02, 43.01it/s]
 95%|█████████▍| 1896/2000 [00:48<00:02, 43.61it/s]
 95%|█████████▌| 1901/2000 [00:49<00:02, 43.33it/s]
 95%|█████████▌| 1907/2000 [00:49<00:02, 45.24it/s]
 96%|█████████▌| 1912/2000 [00:49<00:01, 45.46it/s]
 96%|█████████▌| 1917/2000 [00:49<00:01, 45.27it/s]
 96%|█████████▌| 1922/2000 [00:49<00:02, 37.72it/s]
 96%|█████████▋| 1926/2000 [00:49<00:01, 38.22it/s]
 97%|█████████▋| 1931/2000 [00:49<00:01, 40.79it/s]
 97%|█████████▋| 1936/2000 [00:49<00:01, 41.35it/s]
 97%|█████████▋| 1941/2000 [00:50<00:01, 42.88it/s]
 97%|█████████▋| 1946/2000 [00:50<00:01, 44.34it/s]
 98%|█████████▊| 1951/2000 [00:50<00:01, 44.59it/s]
 98%|█████████▊| 1956/2000 [00:50<00:00, 45.73it/s]
 98%|█████████▊| 1961/2000 [00:50<00:00, 40.63it/s]
 98%|█████████▊| 1966/2000 [00:50<00:00, 36.32it/s]
 99%|█████████▊| 1971/2000 [00:50<00:00, 37.07it/s]
 99%|█████████▉| 1976/2000 [00:50<00:00, 38.15it/s]
 99%|█████████▉| 1981/2000 [00:51<00:00, 38.30it/s]
 99%|█████████▉| 1985/2000 [00:51<00:00, 30.79it/s]
 99%|█████████▉| 1989/2000 [00:51<00:00, 32.65it/s]
100%|█████████▉| 1993/2000 [00:51<00:00, 32.44it/s]
100%|█████████▉| 1997/2000 [00:51<00:00, 33.76it/s]
                                                   

  0%|          | 0/2000 [00:00<?, ?it/s]
  0%|          | 1/2000 [00:00<05:13,  6.37it/s]
  0%|          | 6/2000 [00:00<01:20, 24.88it/s]
  0%|          | 10/2000 [00:00<01:14, 26.61it/s]
  1%|          | 13/2000 [00:00<01:22, 24.14it/s]
  1%|          | 16/2000 [00:00<01:23, 23.66it/s]
  1%|          | 19/2000 [00:00<01:22, 24.02it/s]
  1%|          | 22/2000 [00:00<01:17, 25.60it/s]
  1%|▏         | 26/2000 [00:01<01:09, 28.47it/s]
  2%|▏         | 30/2000 [00:01<01:02, 31.56it/s]
  2%|▏         | 35/2000 [00:01<00:57, 34.24it/s]
  2%|▏         | 40/2000 [00:01<00:53, 36.80it/s]
  2%|▏         | 44/2000 [00:01<00:52, 37.45it/s]
  2%|▏         | 49/2000 [00:01<00:49, 39.46it/s]
  3%|▎         | 53/2000 [00:01<00:52, 37.20it/s]
  3%|▎         | 57/2000 [00:01<00:52, 37.02it/s]
  3%|▎         | 61/2000 [00:01<00:51, 37.42it/s]
  3%|▎         | 65/2000 [00:02<01:02, 30.92it/s]
  4%|▎         | 71/2000 [00:02<00:53, 36.33it/s]
  4%|▍         | 77/2000 [00:02<00:47, 40.38it/s]
  4%|▍         | 82/2000 [00:02<00:45, 42.31it/s]
  4%|▍         | 87/2000 [00:02<00:45, 41.92it/s]
  5%|▍         | 92/2000 [00:02<00:44, 42.48it/s]
  5%|▍         | 97/2000 [00:02<00:43, 44.01it/s]
  5%|▌         | 102/2000 [00:02<00:43, 43.48it/s]
  5%|▌         | 107/2000 [00:03<00:43, 43.31it/s]
  6%|▌         | 112/2000 [00:03<00:44, 42.54it/s]
  6%|▌         | 117/2000 [00:03<00:44, 42.39it/s]
  6%|▌         | 122/2000 [00:03<00:42, 44.20it/s]
  6%|▋         | 127/2000 [00:03<00:41, 45.52it/s]
  7%|▋         | 132/2000 [00:03<00:50, 36.92it/s]
  7%|▋         | 137/2000 [00:03<00:47, 39.03it/s]
  7%|▋         | 143/2000 [00:03<00:43, 42.29it/s]
  7%|▋         | 148/2000 [00:03<00:41, 44.16it/s]
  8%|▊         | 153/2000 [00:04<00:41, 44.58it/s]
  8%|▊         | 158/2000 [00:04<00:40, 45.99it/s]
  8%|▊         | 163/2000 [00:04<00:39, 46.29it/s]
  8%|▊         | 168/2000 [00:04<00:40, 45.30it/s]
  9%|▊         | 173/2000 [00:04<00:40, 44.81it/s]
  9%|▉         | 178/2000 [00:04<00:39, 45.77it/s]
  9%|▉         | 183/2000 [00:04<00:39, 45.84it/s]
  9%|▉         | 188/2000 [00:04<00:38, 46.81it/s]
 10%|▉         | 193/2000 [00:05<00:47, 37.96it/s]
 10%|▉         | 199/2000 [00:05<00:43, 41.08it/s]
 10%|█         | 204/2000 [00:05<00:42, 42.05it/s]
 10%|█         | 209/2000 [00:05<00:40, 43.79it/s]
 11%|█         | 214/2000 [00:05<00:41, 43.03it/s]
 11%|█         | 219/2000 [00:05<00:41, 43.22it/s]
 11%|█         | 224/2000 [00:05<00:40, 43.64it/s]
 11%|█▏        | 229/2000 [00:05<00:40, 44.02it/s]
 12%|█▏        | 234/2000 [00:05<00:41, 42.68it/s]
 12%|█▏        | 239/2000 [00:06<00:43, 40.05it/s]
 12%|█▏        | 244/2000 [00:06<00:47, 37.36it/s]
 12%|█▏        | 248/2000 [00:06<00:47, 37.08it/s]
 13%|█▎        | 253/2000 [00:06<00:44, 38.92it/s]
 13%|█▎        | 257/2000 [00:06<00:53, 32.44it/s]
 13%|█▎        | 262/2000 [00:06<00:49, 34.78it/s]
 13%|█▎        | 267/2000 [00:06<00:47, 36.84it/s]
 14%|█▎        | 271/2000 [00:07<00:48, 35.41it/s]
 14%|█▍        | 276/2000 [00:07<00:46, 37.22it/s]
 14%|█▍        | 281/2000 [00:07<00:45, 38.00it/s]
 14%|█▍        | 286/2000 [00:07<00:43, 39.70it/s]
 15%|█▍        | 291/2000 [00:07<00:42, 40.03it/s]
 15%|█▍        | 296/2000 [00:07<00:40, 41.57it/s]
 15%|█▌        | 301/2000 [00:07<00:40, 41.44it/s]
 15%|█▌        | 306/2000 [00:07<00:41, 41.17it/s]
 16%|█▌        | 311/2000 [00:08<00:42, 40.20it/s]
 16%|█▌        | 316/2000 [00:08<00:40, 41.81it/s]
 16%|█▌        | 321/2000 [00:08<00:49, 34.08it/s]
 16%|█▋        | 326/2000 [00:08<00:46, 36.13it/s]
 17%|█▋        | 331/2000 [00:08<00:44, 37.85it/s]
 17%|█▋        | 336/2000 [00:08<00:41, 39.97it/s]
 17%|█▋        | 341/2000 [00:08<00:41, 39.55it/s]
 17%|█▋        | 346/2000 [00:08<00:42, 38.69it/s]
 18%|█▊        | 350/2000 [00:09<00:43, 38.24it/s]
 18%|█▊        | 354/2000 [00:09<00:42, 38.37it/s]
 18%|█▊        | 359/2000 [00:09<00:41, 39.67it/s]
 18%|█▊        | 364/2000 [00:09<00:40, 40.27it/s]
 18%|█▊        | 369/2000 [00:09<00:40, 40.35it/s]
 19%|█▊        | 374/2000 [00:09<00:40, 40.14it/s]
 19%|█▉        | 379/2000 [00:09<00:38, 42.38it/s]
 19%|█▉        | 384/2000 [00:09<00:39, 41.20it/s]
 19%|█▉        | 389/2000 [00:10<00:48, 33.11it/s]
 20%|█▉        | 394/2000 [00:10<00:44, 36.20it/s]
 20%|█▉        | 399/2000 [00:10<00:40, 39.40it/s]
 20%|██        | 404/2000 [00:10<00:39, 40.11it/s]
 20%|██        | 409/2000 [00:10<00:38, 41.15it/s]
 21%|██        | 414/2000 [00:10<00:37, 42.34it/s]
 21%|██        | 419/2000 [00:10<00:35, 44.30it/s]
 21%|██        | 424/2000 [00:10<00:36, 42.73it/s]
 21%|██▏       | 429/2000 [00:10<00:35, 43.88it/s]
 22%|██▏       | 434/2000 [00:11<00:35, 43.88it/s]
 22%|██▏       | 439/2000 [00:11<00:34, 45.24it/s]
 22%|██▏       | 444/2000 [00:11<00:34, 45.49it/s]
 22%|██▏       | 449/2000 [00:11<00:43, 35.92it/s]
 23%|██▎       | 453/2000 [00:11<00:42, 36.66it/s]
 23%|██▎       | 458/2000 [00:11<00:41, 37.24it/s]
 23%|██▎       | 463/2000 [00:11<00:39, 38.73it/s]
 23%|██▎       | 469/2000 [00:11<00:36, 42.12it/s]
 24%|██▎       | 474/2000 [00:12<00:38, 39.18it/s]
 24%|██▍       | 479/2000 [00:12<00:36, 41.20it/s]
 24%|██▍       | 484/2000 [00:12<00:35, 42.54it/s]
 24%|██▍       | 489/2000 [00:12<00:34, 43.39it/s]
 25%|██▍       | 494/2000 [00:12<00:34, 43.76it/s]
 25%|██▍       | 499/2000 [00:12<00:33, 44.81it/s]
 25%|██▌       | 504/2000 [00:12<00:33, 44.62it/s]
 25%|██▌       | 509/2000 [00:12<00:32, 45.81it/s]
 26%|██▌       | 514/2000 [00:13<00:38, 38.24it/s]
 26%|██▌       | 520/2000 [00:13<00:35, 41.95it/s]
 26%|██▋       | 526/2000 [00:13<00:33, 43.88it/s]
 27%|██▋       | 531/2000 [00:13<00:34, 42.88it/s]
 27%|██▋       | 536/2000 [00:13<00:32, 44.43it/s]
 27%|██▋       | 541/2000 [00:13<00:33, 43.65it/s]
 27%|██▋       | 546/2000 [00:13<00:32, 44.36it/s]
 28%|██▊       | 551/2000 [00:13<00:32, 44.98it/s]
 28%|██▊       | 556/2000 [00:13<00:33, 43.57it/s]
 28%|██▊       | 561/2000 [00:14<00:35, 40.41it/s]
 28%|██▊       | 566/2000 [00:14<00:33, 42.30it/s]
 29%|██▊       | 571/2000 [00:14<00:46, 30.92it/s]
 29%|██▉       | 576/2000 [00:14<00:41, 34.22it/s]
 29%|██▉       | 580/2000 [00:14<00:46, 30.82it/s]
 29%|██▉       | 585/2000 [00:14<00:41, 33.95it/s]
 30%|██▉       | 590/2000 [00:15<00:38, 36.53it/s]
 30%|██▉       | 595/2000 [00:15<00:37, 37.89it/s]
 30%|███       | 600/2000 [00:15<00:34, 40.46it/s]
 30%|███       | 605/2000 [00:15<00:33, 41.16it/s]
 30%|███       | 610/2000 [00:15<00:32, 42.55it/s]
 31%|███       | 615/2000 [00:15<00:32, 42.72it/s]
 31%|███       | 620/2000 [00:15<00:31, 43.28it/s]
 31%|███▏      | 625/2000 [00:15<00:32, 42.24it/s]
 32%|███▏      | 631/2000 [00:15<00:31, 44.10it/s]
 32%|███▏      | 636/2000 [00:16<00:30, 45.42it/s]
 32%|███▏      | 641/2000 [00:16<00:36, 36.89it/s]
 32%|███▏      | 646/2000 [00:16<00:34, 38.94it/s]
 33%|███▎      | 651/2000 [00:16<00:34, 39.50it/s]
 33%|███▎      | 657/2000 [00:16<00:31, 42.58it/s]
 33%|███▎      | 662/2000 [00:16<00:31, 42.69it/s]
 33%|███▎      | 667/2000 [00:16<00:31, 42.98it/s]
 34%|███▎      | 672/2000 [00:16<00:31, 42.74it/s]
 34%|███▍      | 677/2000 [00:17<00:30, 42.77it/s]
 34%|███▍      | 682/2000 [00:17<00:31, 41.75it/s]
 34%|███▍      | 687/2000 [00:17<00:31, 41.86it/s]
 35%|███▍      | 692/2000 [00:17<00:30, 42.76it/s]
 35%|███▍      | 697/2000 [00:17<00:29, 44.31it/s]
 35%|███▌      | 702/2000 [00:17<00:29, 44.22it/s]
 35%|███▌      | 707/2000 [00:17<00:36, 35.55it/s]
 36%|███▌      | 712/2000 [00:17<00:34, 37.43it/s]
 36%|███▌      | 717/2000 [00:18<00:32, 39.85it/s]
 36%|███▌      | 722/2000 [00:18<00:31, 40.66it/s]
 36%|███▋      | 727/2000 [00:18<00:30, 41.46it/s]
 37%|███▋      | 732/2000 [00:18<00:31, 40.75it/s]
 37%|███▋      | 737/2000 [00:18<00:30, 41.16it/s]
 37%|███▋      | 742/2000 [00:18<00:30, 40.62it/s]
 37%|███▋      | 747/2000 [00:18<00:33, 37.46it/s]
 38%|███▊      | 751/2000 [00:18<00:34, 36.49it/s]
 38%|███▊      | 756/2000 [00:19<00:32, 38.56it/s]
 38%|███▊      | 761/2000 [00:19<00:30, 40.26it/s]
 38%|███▊      | 766/2000 [00:19<00:29, 42.46it/s]
 39%|███▊      | 771/2000 [00:19<00:41, 29.35it/s]
 39%|███▉      | 776/2000 [00:19<00:37, 32.85it/s]
 39%|███▉      | 781/2000 [00:19<00:34, 35.60it/s]
 39%|███▉      | 786/2000 [00:19<00:31, 38.28it/s]
 40%|███▉      | 791/2000 [00:20<00:31, 38.36it/s]
 40%|███▉      | 796/2000 [00:20<00:29, 40.38it/s]
 40%|████      | 801/2000 [00:20<00:28, 41.44it/s]
 40%|████      | 807/2000 [00:20<00:26, 44.28it/s]
 41%|████      | 812/2000 [00:20<00:27, 43.24it/s]
 41%|████      | 817/2000 [00:20<00:27, 42.77it/s]
 41%|████      | 822/2000 [00:20<00:27, 43.57it/s]
 41%|████▏     | 827/2000 [00:20<00:28, 41.57it/s]
 42%|████▏     | 832/2000 [00:20<00:27, 41.87it/s]
 42%|████▏     | 837/2000 [00:21<00:34, 34.02it/s]
 42%|████▏     | 841/2000 [00:21<00:32, 35.35it/s]
 42%|████▏     | 846/2000 [00:21<00:30, 38.14it/s]
 43%|████▎     | 851/2000 [00:21<00:28, 39.64it/s]
 43%|████▎     | 856/2000 [00:21<00:27, 41.63it/s]
 43%|████▎     | 861/2000 [00:21<00:26, 42.48it/s]
 43%|████▎     | 866/2000 [00:21<00:25, 44.23it/s]
 44%|████▎     | 871/2000 [00:21<00:26, 42.44it/s]
 44%|████▍     | 876/2000 [00:22<00:26, 42.78it/s]
 44%|████▍     | 881/2000 [00:22<00:26, 42.15it/s]
 44%|████▍     | 886/2000 [00:22<00:26, 41.88it/s]
 45%|████▍     | 891/2000 [00:22<00:27, 40.88it/s]
 45%|████▍     | 896/2000 [00:22<00:26, 42.45it/s]
 45%|████▌     | 901/2000 [00:22<00:31, 34.73it/s]
 45%|████▌     | 906/2000 [00:22<00:28, 37.78it/s]
 46%|████▌     | 911/2000 [00:22<00:27, 38.92it/s]
 46%|████▌     | 916/2000 [00:23<00:26, 40.71it/s]
 46%|████▌     | 921/2000 [00:23<00:26, 40.77it/s]
 46%|████▋     | 926/2000 [00:23<00:25, 42.58it/s]
 47%|████▋     | 931/2000 [00:23<00:25, 42.65it/s]
 47%|████▋     | 936/2000 [00:23<00:25, 42.43it/s]
 47%|████▋     | 941/2000 [00:23<00:25, 42.33it/s]
 47%|████▋     | 947/2000 [00:23<00:22, 46.17it/s]
 48%|████▊     | 952/2000 [00:23<00:25, 41.48it/s]
 48%|████▊     | 957/2000 [00:24<00:28, 36.02it/s]
 48%|████▊     | 961/2000 [00:24<00:33, 31.01it/s]
 48%|████▊     | 966/2000 [00:24<00:29, 35.01it/s]
 49%|████▊     | 971/2000 [00:24<00:27, 38.11it/s]
 49%|████▉     | 976/2000 [00:24<00:25, 40.90it/s]
 49%|████▉     | 981/2000 [00:24<00:24, 41.16it/s]
 49%|████▉     | 986/2000 [00:24<00:23, 42.55it/s]
 50%|████▉     | 991/2000 [00:24<00:23, 42.63it/s]
 50%|████▉     | 996/2000 [00:25<00:23, 42.89it/s]
 50%|█████     | 1001/2000 [00:25<00:23, 42.21it/s]
 50%|█████     | 1006/2000 [00:25<00:23, 43.18it/s]
 51%|█████     | 1011/2000 [00:25<00:23, 42.30it/s]
 51%|█████     | 1016/2000 [00:25<00:22, 43.71it/s]
 51%|█████     | 1021/2000 [00:25<00:22, 42.60it/s]
 51%|█████▏    | 1026/2000 [00:25<00:27, 35.25it/s]
 52%|█████▏    | 1031/2000 [00:25<00:25, 37.80it/s]
 52%|█████▏    | 1036/2000 [00:26<00:24, 39.79it/s]
 52%|█████▏    | 1041/2000 [00:26<00:23, 40.97it/s]
 52%|█████▏    | 1046/2000 [00:26<00:22, 41.75it/s]
 53%|█████▎    | 1051/2000 [00:26<00:22, 42.20it/s]
 53%|█████▎    | 1056/2000 [00:26<00:21, 43.64it/s]
 53%|█████▎    | 1061/2000 [00:26<00:21, 43.87it/s]
 53%|█████▎    | 1067/2000 [00:26<00:20, 45.59it/s]
 54%|█████▎    | 1072/2000 [00:26<00:21, 43.81it/s]
 54%|█████▍    | 1077/2000 [00:26<00:21, 43.24it/s]
 54%|█████▍    | 1082/2000 [00:27<00:21, 41.76it/s]
 54%|█████▍    | 1087/2000 [00:27<00:21, 43.11it/s]
 55%|█████▍    | 1092/2000 [00:27<00:27, 32.97it/s]
 55%|█████▍    | 1097/2000 [00:27<00:25, 36.08it/s]
 55%|█████▌    | 1102/2000 [00:27<00:23, 37.93it/s]
 55%|█████▌    | 1107/2000 [00:27<00:28, 31.75it/s]
 56%|█████▌    | 1112/2000 [00:28<00:25, 34.44it/s]
 56%|█████▌    | 1117/2000 [00:28<00:23, 37.04it/s]
 56%|█████▌    | 1123/2000 [00:28<00:21, 41.48it/s]
 56%|█████▋    | 1129/2000 [00:28<00:19, 43.75it/s]
 57%|█████▋    | 1134/2000 [00:28<00:19, 43.74it/s]
 57%|█████▋    | 1139/2000 [00:28<00:21, 40.88it/s]
 57%|█████▋    | 1144/2000 [00:28<00:22, 38.58it/s]
 57%|█████▋    | 1149/2000 [00:28<00:21, 40.07it/s]
 58%|█████▊    | 1154/2000 [00:29<00:24, 34.82it/s]
 58%|█████▊    | 1159/2000 [00:29<00:22, 37.89it/s]
 58%|█████▊    | 1164/2000 [00:29<00:22, 37.19it/s]
 58%|█████▊    | 1168/2000 [00:29<00:22, 36.40it/s]
 59%|█████▊    | 1172/2000 [00:29<00:22, 36.37it/s]
 59%|█████▉    | 1176/2000 [00:29<00:22, 37.11it/s]
 59%|█████▉    | 1181/2000 [00:29<00:21, 38.55it/s]
 59%|█████▉    | 1185/2000 [00:29<00:21, 38.72it/s]
 59%|█████▉    | 1189/2000 [00:29<00:20, 38.98it/s]
 60%|█████▉    | 1193/2000 [00:30<00:20, 38.69it/s]
 60%|█████▉    | 1197/2000 [00:30<00:21, 38.17it/s]
 60%|██████    | 1202/2000 [00:30<00:20, 38.89it/s]
 60%|██████    | 1206/2000 [00:30<00:20, 39.05it/s]
 60%|██████    | 1210/2000 [00:30<00:20, 38.96it/s]
 61%|██████    | 1214/2000 [00:30<00:20, 37.66it/s]
 61%|██████    | 1218/2000 [00:30<00:26, 29.31it/s]
 61%|██████    | 1223/2000 [00:30<00:23, 33.11it/s]
 61%|██████▏   | 1228/2000 [00:31<00:21, 36.18it/s]
 62%|██████▏   | 1232/2000 [00:31<00:21, 36.31it/s]
 62%|██████▏   | 1237/2000 [00:31<00:20, 37.91it/s]
 62%|██████▏   | 1241/2000 [00:31<00:21, 35.00it/s]
 62%|██████▏   | 1246/2000 [00:31<00:20, 37.65it/s]
 63%|██████▎   | 1251/2000 [00:31<00:19, 38.64it/s]
 63%|██████▎   | 1256/2000 [00:31<00:18, 41.14it/s]
 63%|██████▎   | 1262/2000 [00:31<00:16, 44.36it/s]
 63%|██████▎   | 1267/2000 [00:31<00:16, 44.15it/s]
 64%|██████▎   | 1272/2000 [00:32<00:16, 45.03it/s]
 64%|██████▍   | 1277/2000 [00:32<00:16, 44.34it/s]
 64%|██████▍   | 1282/2000 [00:32<00:20, 35.14it/s]
 64%|██████▍   | 1286/2000 [00:32<00:19, 35.82it/s]
 65%|██████▍   | 1291/2000 [00:32<00:19, 36.69it/s]
 65%|██████▍   | 1296/2000 [00:32<00:18, 39.01it/s]
 65%|██████▌   | 1301/2000 [00:32<00:17, 40.84it/s]
 65%|██████▌   | 1306/2000 [00:32<00:16, 41.94it/s]
 66%|██████▌   | 1311/2000 [00:33<00:16, 42.55it/s]
 66%|██████▌   | 1316/2000 [00:33<00:15, 43.94it/s]
 66%|██████▌   | 1321/2000 [00:33<00:15, 43.55it/s]
 66%|██████▋   | 1326/2000 [00:33<00:15, 43.73it/s]
 67%|██████▋   | 1331/2000 [00:33<00:15, 43.35it/s]
 67%|██████▋   | 1336/2000 [00:33<00:15, 43.78it/s]
 67%|██████▋   | 1341/2000 [00:33<00:15, 43.33it/s]
 67%|██████▋   | 1346/2000 [00:33<00:18, 34.96it/s]
 68%|██████▊   | 1351/2000 [00:34<00:17, 37.89it/s]
 68%|██████▊   | 1356/2000 [00:34<00:17, 36.53it/s]
 68%|██████▊   | 1361/2000 [00:34<00:17, 37.09it/s]
 68%|██████▊   | 1366/2000 [00:34<00:16, 38.72it/s]
 69%|██████▊   | 1371/2000 [00:34<00:15, 39.68it/s]
 69%|██████▉   | 1376/2000 [00:34<00:15, 40.05it/s]
 69%|██████▉   | 1381/2000 [00:34<00:15, 39.90it/s]
 69%|██████▉   | 1386/2000 [00:35<00:16, 36.91it/s]
 70%|██████▉   | 1392/2000 [00:35<00:15, 40.35it/s]
 70%|██████▉   | 1397/2000 [00:35<00:14, 41.79it/s]
 70%|███████   | 1402/2000 [00:35<00:14, 42.49it/s]
 70%|███████   | 1407/2000 [00:35<00:13, 43.84it/s]
 71%|███████   | 1412/2000 [00:35<00:16, 35.77it/s]
 71%|███████   | 1417/2000 [00:35<00:15, 36.79it/s]
 71%|███████   | 1421/2000 [00:35<00:16, 36.15it/s]
 71%|███████▏  | 1425/2000 [00:36<00:15, 36.98it/s]
 72%|███████▏  | 1430/2000 [00:36<00:14, 39.26it/s]
 72%|███████▏  | 1435/2000 [00:36<00:14, 40.19it/s]
 72%|███████▏  | 1440/2000 [00:36<00:13, 42.77it/s]
 72%|███████▏  | 1445/2000 [00:36<00:12, 42.91it/s]
 72%|███████▎  | 1450/2000 [00:36<00:12, 44.76it/s]
 73%|███████▎  | 1455/2000 [00:36<00:12, 45.20it/s]
 73%|███████▎  | 1460/2000 [00:36<00:11, 45.04it/s]
 73%|███████▎  | 1465/2000 [00:36<00:12, 44.06it/s]
 74%|███████▎  | 1470/2000 [00:37<00:12, 43.54it/s]
 74%|███████▍  | 1475/2000 [00:37<00:14, 35.55it/s]
 74%|███████▍  | 1480/2000 [00:37<00:13, 38.19it/s]
 74%|███████▍  | 1485/2000 [00:37<00:12, 39.91it/s]
 74%|███████▍  | 1490/2000 [00:37<00:12, 40.32it/s]
 75%|███████▍  | 1495/2000 [00:37<00:14, 35.21it/s]
 75%|███████▍  | 1499/2000 [00:37<00:14, 34.79it/s]
 75%|███████▌  | 1503/2000 [00:37<00:14, 34.26it/s]
 75%|███████▌  | 1507/2000 [00:38<00:14, 34.09it/s]
 76%|███████▌  | 1512/2000 [00:38<00:12, 37.70it/s]
 76%|███████▌  | 1517/2000 [00:38<00:12, 38.64it/s]
 76%|███████▌  | 1521/2000 [00:38<00:12, 37.57it/s]
 76%|███████▋  | 1525/2000 [00:38<00:13, 36.34it/s]
 76%|███████▋  | 1530/2000 [00:38<00:11, 39.67it/s]
 77%|███████▋  | 1535/2000 [00:38<00:11, 41.45it/s]
 77%|███████▋  | 1540/2000 [00:39<00:16, 28.67it/s]
 77%|███████▋  | 1544/2000 [00:39<00:15, 28.77it/s]
 77%|███████▋  | 1548/2000 [00:39<00:14, 30.69it/s]
 78%|███████▊  | 1552/2000 [00:39<00:14, 31.30it/s]
 78%|███████▊  | 1556/2000 [00:39<00:14, 31.18it/s]
 78%|███████▊  | 1560/2000 [00:39<00:13, 33.03it/s]
 78%|███████▊  | 1565/2000 [00:39<00:12, 35.71it/s]
 78%|███████▊  | 1569/2000 [00:39<00:11, 36.48it/s]
 79%|███████▊  | 1574/2000 [00:40<00:11, 37.90it/s]
 79%|███████▉  | 1579/2000 [00:40<00:10, 38.85it/s]
 79%|███████▉  | 1584/2000 [00:40<00:10, 39.81it/s]
 79%|███████▉  | 1589/2000 [00:40<00:09, 42.00it/s]
 80%|███████▉  | 1594/2000 [00:40<00:09, 42.16it/s]
 80%|████████  | 1600/2000 [00:40<00:08, 45.18it/s]
 80%|████████  | 1605/2000 [00:40<00:10, 36.73it/s]
 80%|████████  | 1610/2000 [00:40<00:10, 38.13it/s]
 81%|████████  | 1615/2000 [00:41<00:09, 40.36it/s]
 81%|████████  | 1621/2000 [00:41<00:08, 42.97it/s]
 81%|████████▏ | 1626/2000 [00:41<00:08, 42.79it/s]
 82%|████████▏ | 1632/2000 [00:41<00:07, 46.40it/s]
 82%|████████▏ | 1637/2000 [00:41<00:08, 45.16it/s]
 82%|████████▏ | 1642/2000 [00:41<00:08, 44.65it/s]
 82%|████████▏ | 1647/2000 [00:41<00:07, 44.78it/s]
 83%|████████▎ | 1652/2000 [00:41<00:08, 43.06it/s]
 83%|████████▎ | 1657/2000 [00:41<00:08, 42.63it/s]
 83%|████████▎ | 1662/2000 [00:42<00:07, 42.86it/s]
 83%|████████▎ | 1667/2000 [00:42<00:09, 34.20it/s]
 84%|████████▎ | 1671/2000 [00:42<00:09, 34.65it/s]
 84%|████████▍ | 1675/2000 [00:42<00:09, 34.32it/s]
 84%|████████▍ | 1679/2000 [00:42<00:09, 33.79it/s]
 84%|████████▍ | 1683/2000 [00:42<00:09, 32.90it/s]
 84%|████████▍ | 1687/2000 [00:42<00:09, 34.00it/s]
 85%|████████▍ | 1691/2000 [00:42<00:08, 35.24it/s]
 85%|████████▍ | 1695/2000 [00:43<00:08, 34.67it/s]
 85%|████████▍ | 1699/2000 [00:43<00:08, 35.32it/s]
 85%|████████▌ | 1703/2000 [00:43<00:08, 34.85it/s]
 85%|████████▌ | 1707/2000 [00:43<00:08, 34.59it/s]
 86%|████████▌ | 1711/2000 [00:43<00:08, 34.59it/s]
 86%|████████▌ | 1716/2000 [00:43<00:07, 36.46it/s]
 86%|████████▌ | 1721/2000 [00:43<00:07, 37.02it/s]
 86%|████████▋ | 1726/2000 [00:43<00:06, 39.78it/s]
 87%|████████▋ | 1731/2000 [00:44<00:11, 23.44it/s]
 87%|████████▋ | 1735/2000 [00:44<00:10, 24.24it/s]
 87%|████████▋ | 1739/2000 [00:44<00:10, 24.81it/s]
 87%|████████▋ | 1742/2000 [00:44<00:10, 25.79it/s]
 87%|████████▋ | 1745/2000 [00:44<00:09, 26.36it/s]
 87%|████████▋ | 1749/2000 [00:44<00:08, 28.59it/s]
 88%|████████▊ | 1753/2000 [00:45<00:07, 31.04it/s]
 88%|████████▊ | 1758/2000 [00:45<00:06, 35.42it/s]
 88%|████████▊ | 1763/2000 [00:45<00:06, 37.58it/s]
 88%|████████▊ | 1768/2000 [00:45<00:05, 40.65it/s]
 89%|████████▊ | 1773/2000 [00:45<00:05, 40.32it/s]
 89%|████████▉ | 1778/2000 [00:45<00:05, 42.24it/s]
 89%|████████▉ | 1783/2000 [00:45<00:05, 40.75it/s]
 89%|████████▉ | 1788/2000 [00:45<00:04, 42.99it/s]
 90%|████████▉ | 1793/2000 [00:46<00:06, 29.72it/s]
 90%|████████▉ | 1798/2000 [00:46<00:06, 33.44it/s]
 90%|█████████ | 1803/2000 [00:46<00:05, 36.56it/s]
 90%|█████████ | 1808/2000 [00:46<00:04, 39.38it/s]
 91%|█████████ | 1813/2000 [00:46<00:05, 37.25it/s]
 91%|█████████ | 1818/2000 [00:46<00:04, 39.75it/s]
 91%|█████████ | 1824/2000 [00:46<00:03, 44.70it/s]
 92%|█████████▏| 1830/2000 [00:46<00:03, 47.80it/s]
 92%|█████████▏| 1836/2000 [00:47<00:03, 50.81it/s]
 92%|█████████▏| 1842/2000 [00:47<00:03, 52.20it/s]
 92%|█████████▏| 1848/2000 [00:47<00:02, 50.85it/s]
 93%|█████████▎| 1854/2000 [00:47<00:03, 45.18it/s]
 93%|█████████▎| 1859/2000 [00:47<00:03, 40.23it/s]
 93%|█████████▎| 1865/2000 [00:47<00:03, 42.96it/s]
 94%|█████████▎| 1870/2000 [00:47<00:03, 41.99it/s]
 94%|█████████▍| 1875/2000 [00:47<00:02, 42.29it/s]
 94%|█████████▍| 1880/2000 [00:48<00:02, 44.03it/s]
 94%|█████████▍| 1886/2000 [00:48<00:02, 46.29it/s]
 95%|█████████▍| 1891/2000 [00:48<00:02, 46.63it/s]
 95%|█████████▍| 1897/2000 [00:48<00:02, 49.13it/s]
 95%|█████████▌| 1903/2000 [00:48<00:01, 51.40it/s]
 96%|█████████▌| 1910/2000 [00:48<00:01, 54.10it/s]
 96%|█████████▌| 1916/2000 [00:48<00:01, 51.87it/s]
 96%|█████████▌| 1922/2000 [00:49<00:02, 33.07it/s]
 96%|█████████▋| 1927/2000 [00:49<00:02, 33.65it/s]
 97%|█████████▋| 1931/2000 [00:49<00:02, 33.71it/s]
 97%|█████████▋| 1937/2000 [00:49<00:01, 38.13it/s]
 97%|█████████▋| 1942/2000 [00:49<00:01, 38.82it/s]
 97%|█████████▋| 1947/2000 [00:49<00:01, 39.33it/s]
 98%|█████████▊| 1952/2000 [00:49<00:01, 38.34it/s]
 98%|█████████▊| 1958/2000 [00:49<00:00, 42.10it/s]
 98%|█████████▊| 1963/2000 [00:50<00:00, 42.03it/s]
 98%|█████████▊| 1968/2000 [00:50<00:00, 42.85it/s]
 99%|█████████▊| 1974/2000 [00:50<00:00, 45.59it/s]
 99%|█████████▉| 1980/2000 [00:50<00:00, 47.20it/s]
 99%|█████████▉| 1985/2000 [00:50<00:00, 40.90it/s]
100%|█████████▉| 1991/2000 [00:50<00:00, 44.04it/s]
100%|█████████▉| 1997/2000 [00:50<00:00, 47.47it/s]
                                                   

  0%|          | 0/2000 [00:00<?, ?it/s]
  0%|          | 1/2000 [00:00<03:39,  9.12it/s]
  0%|          | 8/2000 [00:00<00:49, 40.09it/s]
  1%|          | 14/2000 [00:00<00:42, 47.12it/s]
  1%|          | 21/2000 [00:00<00:38, 50.83it/s]
  1%|▏         | 28/2000 [00:00<00:35, 55.79it/s]
  2%|▏         | 34/2000 [00:00<00:34, 56.74it/s]
  2%|▏         | 41/2000 [00:00<00:33, 58.11it/s]
  2%|▏         | 48/2000 [00:00<00:32, 60.59it/s]
  3%|▎         | 55/2000 [00:01<00:32, 60.06it/s]
  3%|▎         | 62/2000 [00:01<00:32, 59.63it/s]
  3%|▎         | 68/2000 [00:01<00:43, 44.02it/s]
  4%|▎         | 73/2000 [00:01<00:43, 44.21it/s]
  4%|▍         | 78/2000 [00:01<00:43, 43.84it/s]
  4%|▍         | 85/2000 [00:01<00:39, 48.45it/s]
  5%|▍         | 91/2000 [00:01<00:37, 50.80it/s]
  5%|▍         | 97/2000 [00:01<00:42, 44.49it/s]
  5%|▌         | 102/2000 [00:02<00:42, 44.80it/s]
  5%|▌         | 108/2000 [00:02<00:39, 47.60it/s]
  6%|▌         | 114/2000 [00:02<00:38, 48.51it/s]
  6%|▌         | 119/2000 [00:02<00:43, 43.67it/s]
  6%|▌         | 124/2000 [00:02<00:51, 36.42it/s]
  6%|▋         | 129/2000 [00:02<00:57, 32.30it/s]
  7%|▋         | 133/2000 [00:02<00:55, 33.76it/s]
  7%|▋         | 137/2000 [00:03<00:55, 33.63it/s]
  7%|▋         | 141/2000 [00:03<00:55, 33.55it/s]
  7%|▋         | 145/2000 [00:03<00:53, 34.48it/s]
  7%|▋         | 149/2000 [00:03<00:51, 35.68it/s]
  8%|▊         | 154/2000 [00:03<00:48, 38.05it/s]
  8%|▊         | 159/2000 [00:03<00:45, 40.06it/s]
  8%|▊         | 164/2000 [00:03<00:44, 41.62it/s]
  9%|▊         | 171/2000 [00:03<00:38, 46.98it/s]
  9%|▉         | 178/2000 [00:03<00:35, 51.24it/s]
  9%|▉         | 184/2000 [00:04<00:37, 48.84it/s]
  9%|▉         | 189/2000 [00:04<00:37, 47.80it/s]
 10%|▉         | 194/2000 [00:04<00:50, 36.08it/s]
 10%|█         | 200/2000 [00:04<00:44, 40.59it/s]
 10%|█         | 205/2000 [00:04<00:42, 41.78it/s]
 10%|█         | 210/2000 [00:04<00:42, 42.38it/s]
 11%|█         | 216/2000 [00:04<00:39, 44.84it/s]
 11%|█         | 222/2000 [00:05<00:37, 47.81it/s]
 11%|█▏        | 229/2000 [00:05<00:34, 51.96it/s]
 12%|█▏        | 236/2000 [00:05<00:32, 55.06it/s]
 12%|█▏        | 242/2000 [00:05<00:34, 51.28it/s]
 12%|█▏        | 248/2000 [00:05<00:33, 52.69it/s]
 13%|█▎        | 254/2000 [00:05<00:34, 50.62it/s]
 13%|█▎        | 260/2000 [00:05<00:53, 32.59it/s]
 13%|█▎        | 265/2000 [00:06<00:56, 30.55it/s]
 14%|█▎        | 271/2000 [00:06<00:48, 35.58it/s]
 14%|█▍        | 277/2000 [00:06<00:42, 40.51it/s]
 14%|█▍        | 284/2000 [00:06<00:37, 45.40it/s]
 14%|█▍        | 290/2000 [00:06<00:35, 48.71it/s]
 15%|█▍        | 297/2000 [00:06<00:31, 53.23it/s]
 15%|█▌        | 304/2000 [00:06<00:29, 57.05it/s]
 16%|█▌        | 311/2000 [00:06<00:29, 57.78it/s]
 16%|█▌        | 318/2000 [00:07<00:29, 57.80it/s]
 16%|█▌        | 324/2000 [00:07<00:33, 50.61it/s]
 17%|█▋        | 331/2000 [00:07<00:31, 53.06it/s]
 17%|█▋        | 338/2000 [00:07<00:29, 55.81it/s]
 17%|█▋        | 344/2000 [00:07<00:29, 56.14it/s]
 18%|█▊        | 350/2000 [00:07<00:28, 56.99it/s]
 18%|█▊        | 357/2000 [00:07<00:27, 58.75it/s]
 18%|█▊        | 363/2000 [00:07<00:28, 58.10it/s]
 18%|█▊        | 370/2000 [00:07<00:27, 59.70it/s]
 19%|█▉        | 377/2000 [00:08<00:26, 60.89it/s]
 19%|█▉        | 384/2000 [00:08<00:27, 58.73it/s]
 20%|█▉        | 390/2000 [00:08<00:31, 51.47it/s]
 20%|█▉        | 396/2000 [00:08<00:30, 52.50it/s]
 20%|██        | 402/2000 [00:08<00:29, 53.93it/s]
 20%|██        | 409/2000 [00:08<00:27, 57.00it/s]
 21%|██        | 415/2000 [00:08<00:27, 56.77it/s]
 21%|██        | 421/2000 [00:08<00:27, 56.90it/s]
 21%|██▏       | 428/2000 [00:08<00:26, 58.60it/s]
 22%|██▏       | 434/2000 [00:09<00:28, 54.83it/s]
 22%|██▏       | 440/2000 [00:09<00:28, 54.83it/s]
 22%|██▏       | 446/2000 [00:09<00:30, 51.79it/s]
 23%|██▎       | 452/2000 [00:09<00:34, 45.05it/s]
 23%|██▎       | 459/2000 [00:09<00:31, 49.07it/s]
 23%|██▎       | 466/2000 [00:09<00:29, 52.49it/s]
 24%|██▎       | 472/2000 [00:09<00:28, 54.11it/s]
 24%|██▍       | 479/2000 [00:09<00:27, 55.62it/s]
 24%|██▍       | 485/2000 [00:10<00:27, 55.76it/s]
 25%|██▍       | 491/2000 [00:10<00:26, 56.64it/s]
 25%|██▍       | 497/2000 [00:10<00:26, 57.37it/s]
 25%|██▌       | 503/2000 [00:10<00:25, 57.95it/s]
 25%|██▌       | 509/2000 [00:10<00:25, 57.40it/s]
 26%|██▌       | 515/2000 [00:10<00:32, 46.29it/s]
 26%|██▌       | 521/2000 [00:10<00:30, 48.13it/s]
 26%|██▋       | 527/2000 [00:10<00:29, 50.63it/s]
 27%|██▋       | 533/2000 [00:10<00:27, 52.63it/s]
 27%|██▋       | 539/2000 [00:11<00:28, 50.95it/s]
 27%|██▋       | 545/2000 [00:11<00:27, 52.22it/s]
 28%|██▊       | 551/2000 [00:11<00:28, 51.12it/s]
 28%|██▊       | 557/2000 [00:11<00:29, 48.51it/s]
 28%|██▊       | 563/2000 [00:11<00:28, 49.67it/s]
 28%|██▊       | 570/2000 [00:11<00:26, 53.09it/s]
 29%|██▉       | 576/2000 [00:11<00:26, 53.56it/s]
 29%|██▉       | 582/2000 [00:12<00:31, 44.86it/s]
 29%|██▉       | 587/2000 [00:12<00:32, 43.15it/s]
 30%|██▉       | 592/2000 [00:12<00:33, 41.51it/s]
 30%|██▉       | 597/2000 [00:12<00:35, 39.98it/s]
 30%|███       | 602/2000 [00:12<00:34, 40.34it/s]
 30%|███       | 609/2000 [00:12<00:29, 47.19it/s]
 31%|███       | 614/2000 [00:12<00:29, 46.50it/s]
 31%|███       | 620/2000 [00:12<00:28, 48.87it/s]
 31%|███▏      | 626/2000 [00:12<00:27, 50.34it/s]
 32%|███▏      | 632/2000 [00:13<00:27, 50.30it/s]
 32%|███▏      | 639/2000 [00:13<00:25, 53.95it/s]
 32%|███▏      | 645/2000 [00:13<00:29, 46.40it/s]
 33%|███▎      | 651/2000 [00:13<00:27, 49.61it/s]
 33%|███▎      | 658/2000 [00:13<00:24, 53.69it/s]
 33%|███▎      | 664/2000 [00:13<00:28, 46.63it/s]
 33%|███▎      | 669/2000 [00:13<00:31, 42.39it/s]
 34%|███▎      | 674/2000 [00:14<00:36, 36.04it/s]
 34%|███▍      | 678/2000 [00:14<00:39, 33.51it/s]
 34%|███▍      | 682/2000 [00:14<00:37, 34.76it/s]
 34%|███▍      | 686/2000 [00:14<00:36, 35.91it/s]
 35%|███▍      | 691/2000 [00:14<00:33, 39.42it/s]
 35%|███▍      | 697/2000 [00:14<00:30, 42.76it/s]
 35%|███▌      | 702/2000 [00:14<00:29, 44.23it/s]
 35%|███▌      | 707/2000 [00:14<00:35, 36.14it/s]
 36%|███▌      | 713/2000 [00:15<00:31, 41.19it/s]
 36%|███▌      | 719/2000 [00:15<00:28, 44.84it/s]
 36%|███▌      | 724/2000 [00:15<00:27, 45.70it/s]
 36%|███▋      | 730/2000 [00:15<00:26, 48.14it/s]
 37%|███▋      | 735/2000 [00:15<00:26, 48.21it/s]
 37%|███▋      | 741/2000 [00:15<00:26, 48.40it/s]
 37%|███▋      | 747/2000 [00:15<00:25, 49.08it/s]
 38%|███▊      | 753/2000 [00:15<00:24, 50.53it/s]
 38%|███▊      | 759/2000 [00:15<00:25, 49.36it/s]
 38%|███▊      | 764/2000 [00:16<00:29, 42.07it/s]
 38%|███▊      | 769/2000 [00:16<00:41, 29.99it/s]
 39%|███▊      | 773/2000 [00:16<00:41, 29.77it/s]
 39%|███▉      | 777/2000 [00:16<00:38, 31.55it/s]
 39%|███▉      | 782/2000 [00:16<00:34, 35.19it/s]
 39%|███▉      | 787/2000 [00:16<00:31, 38.09it/s]
 40%|███▉      | 794/2000 [00:17<00:27, 44.05it/s]
 40%|████      | 800/2000 [00:17<00:25, 47.55it/s]
 40%|████      | 805/2000 [00:17<00:26, 45.78it/s]
 40%|████      | 810/2000 [00:17<00:26, 44.80it/s]
 41%|████      | 815/2000 [00:17<00:26, 44.73it/s]
 41%|████      | 821/2000 [00:17<00:25, 46.15it/s]
 41%|████▏     | 827/2000 [00:17<00:24, 48.66it/s]
 42%|████▏     | 832/2000 [00:17<00:27, 43.09it/s]
 42%|████▏     | 837/2000 [00:18<00:35, 32.65it/s]
 42%|████▏     | 841/2000 [00:18<00:34, 33.67it/s]
 42%|████▏     | 845/2000 [00:18<00:33, 34.29it/s]
 43%|████▎     | 851/2000 [00:18<00:30, 38.27it/s]
 43%|████▎     | 857/2000 [00:18<00:27, 41.85it/s]
 43%|████▎     | 862/2000 [00:18<00:27, 41.43it/s]
 43%|████▎     | 867/2000 [00:18<00:27, 41.40it/s]
 44%|████▎     | 872/2000 [00:18<00:31, 35.37it/s]
 44%|████▍     | 876/2000 [00:19<00:33, 34.05it/s]
 44%|████▍     | 880/2000 [00:19<00:35, 31.17it/s]
 44%|████▍     | 884/2000 [00:19<00:38, 28.71it/s]
 44%|████▍     | 888/2000 [00:19<00:36, 30.31it/s]
 45%|████▍     | 892/2000 [00:19<00:37, 29.37it/s]
 45%|████▍     | 896/2000 [00:19<00:37, 29.18it/s]
 45%|████▍     | 899/2000 [00:20<00:51, 21.33it/s]
 45%|████▌     | 902/2000 [00:20<00:50, 21.84it/s]
 45%|████▌     | 905/2000 [00:20<00:46, 23.45it/s]
 45%|████▌     | 909/2000 [00:20<00:41, 26.46it/s]
 46%|████▌     | 912/2000 [00:20<00:42, 25.90it/s]
 46%|████▌     | 916/2000 [00:20<00:39, 27.64it/s]
 46%|████▌     | 920/2000 [00:20<00:37, 29.09it/s]
 46%|████▌     | 924/2000 [00:20<00:35, 30.10it/s]
 46%|████▋     | 928/2000 [00:21<00:34, 31.19it/s]
 47%|████▋     | 932/2000 [00:21<00:37, 28.59it/s]
 47%|████▋     | 936/2000 [00:21<00:35, 30.04it/s]
 47%|████▋     | 940/2000 [00:21<00:32, 32.30it/s]
 47%|████▋     | 944/2000 [00:21<00:32, 32.79it/s]
 47%|████▋     | 949/2000 [00:21<00:29, 35.81it/s]
 48%|████▊     | 954/2000 [00:21<00:27, 37.71it/s]
 48%|████▊     | 958/2000 [00:21<00:30, 34.36it/s]
 48%|████▊     | 962/2000 [00:22<00:45, 22.98it/s]
 48%|████▊     | 965/2000 [00:22<00:44, 23.44it/s]
 48%|████▊     | 968/2000 [00:22<00:42, 24.07it/s]
 49%|████▊     | 971/2000 [00:22<00:43, 23.70it/s]
 49%|████▉     | 975/2000 [00:22<00:39, 25.63it/s]
 49%|████▉     | 978/2000 [00:22<00:39, 25.96it/s]
 49%|████▉     | 981/2000 [00:22<00:39, 25.82it/s]
 49%|████▉     | 985/2000 [00:23<00:35, 28.99it/s]
 49%|████▉     | 989/2000 [00:23<00:35, 28.56it/s]
 50%|████▉     | 992/2000 [00:23<00:35, 28.53it/s]
 50%|████▉     | 995/2000 [00:23<00:36, 27.49it/s]
 50%|████▉     | 998/2000 [00:23<00:36, 27.34it/s]
 50%|█████     | 1001/2000 [00:23<00:38, 25.80it/s]
 50%|█████     | 1004/2000 [00:23<00:37, 26.36it/s]
 50%|█████     | 1007/2000 [00:23<00:36, 27.30it/s]
 51%|█████     | 1011/2000 [00:24<00:33, 29.41it/s]
 51%|█████     | 1015/2000 [00:24<00:30, 32.08it/s]
 51%|█████     | 1020/2000 [00:24<00:27, 35.90it/s]
 51%|█████     | 1024/2000 [00:24<00:27, 35.73it/s]
 51%|█████▏    | 1028/2000 [00:24<00:36, 26.63it/s]
 52%|█████▏    | 1032/2000 [00:24<00:38, 25.33it/s]
 52%|█████▏    | 1035/2000 [00:24<00:40, 23.65it/s]
 52%|█████▏    | 1038/2000 [00:25<00:38, 24.76it/s]
 52%|█████▏    | 1042/2000 [00:25<00:35, 26.94it/s]
 52%|█████▏    | 1045/2000 [00:25<00:34, 27.42it/s]
 52%|█████▏    | 1048/2000 [00:25<00:34, 27.51it/s]
 53%|█████▎    | 1052/2000 [00:25<00:32, 28.96it/s]
 53%|█████▎    | 1057/2000 [00:25<00:28, 33.44it/s]
 53%|█████▎    | 1061/2000 [00:25<00:28, 32.44it/s]
 53%|█████▎    | 1065/2000 [00:25<00:33, 27.84it/s]
 53%|█████▎    | 1069/2000 [00:26<00:30, 30.09it/s]
 54%|█████▎    | 1073/2000 [00:26<00:29, 31.06it/s]
 54%|█████▍    | 1077/2000 [00:26<00:29, 31.11it/s]
 54%|█████▍    | 1081/2000 [00:26<00:34, 26.84it/s]
 54%|█████▍    | 1084/2000 [00:26<00:35, 25.84it/s]
 54%|█████▍    | 1087/2000 [00:26<00:35, 25.81it/s]
 55%|█████▍    | 1090/2000 [00:26<00:45, 20.09it/s]
 55%|█████▍    | 1094/2000 [00:27<00:39, 22.88it/s]
 55%|█████▍    | 1098/2000 [00:27<00:34, 26.36it/s]
 55%|█████▌    | 1103/2000 [00:27<00:29, 30.06it/s]
 55%|█████▌    | 1107/2000 [00:27<00:28, 31.08it/s]
 56%|█████▌    | 1111/2000 [00:27<00:27, 32.37it/s]
 56%|█████▌    | 1117/2000 [00:27<00:23, 37.49it/s]
 56%|█████▌    | 1122/2000 [00:27<00:21, 39.92it/s]
 56%|█████▋    | 1127/2000 [00:27<00:22, 38.94it/s]
 57%|█████▋    | 1131/2000 [00:28<00:22, 38.46it/s]
 57%|█████▋    | 1136/2000 [00:28<00:21, 40.55it/s]
 57%|█████▋    | 1141/2000 [00:28<00:21, 39.54it/s]
 57%|█████▋    | 1145/2000 [00:28<00:23, 37.05it/s]
 57%|█████▋    | 1149/2000 [00:28<00:23, 36.09it/s]
 58%|█████▊    | 1153/2000 [00:28<00:27, 30.32it/s]
 58%|█████▊    | 1158/2000 [00:28<00:24, 34.40it/s]
 58%|█████▊    | 1163/2000 [00:28<00:22, 36.51it/s]
 58%|█████▊    | 1169/2000 [00:29<00:20, 41.14it/s]
 59%|█████▊    | 1174/2000 [00:29<00:19, 42.77it/s]
 59%|█████▉    | 1179/2000 [00:29<00:18, 43.65it/s]
 59%|█████▉    | 1184/2000 [00:29<00:20, 40.34it/s]
 60%|█████▉    | 1190/2000 [00:29<00:18, 43.68it/s]
 60%|█████▉    | 1195/2000 [00:29<00:19, 40.44it/s]
 60%|██████    | 1200/2000 [00:29<00:20, 38.85it/s]
 60%|██████    | 1204/2000 [00:29<00:21, 37.54it/s]
 60%|██████    | 1208/2000 [00:30<00:21, 37.01it/s]
 61%|██████    | 1213/2000 [00:30<00:19, 40.25it/s]
 61%|██████    | 1218/2000 [00:30<00:23, 33.63it/s]
 61%|██████    | 1223/2000 [00:30<00:21, 36.05it/s]
 61%|██████▏   | 1227/2000 [00:30<00:20, 37.00it/s]
 62%|██████▏   | 1231/2000 [00:30<00:21, 35.51it/s]
 62%|██████▏   | 1236/2000 [00:30<00:19, 38.58it/s]
 62%|██████▏   | 1241/2000 [00:30<00:19, 39.22it/s]
 62%|██████▏   | 1246/2000 [00:31<00:19, 38.09it/s]
 62%|██████▎   | 1250/2000 [00:31<00:19, 37.53it/s]
 63%|██████▎   | 1254/2000 [00:31<00:19, 37.62it/s]
 63%|██████▎   | 1259/2000 [00:31<00:19, 38.05it/s]
 63%|██████▎   | 1263/2000 [00:31<00:21, 34.79it/s]
 63%|██████▎   | 1267/2000 [00:31<00:21, 34.56it/s]
 64%|██████▎   | 1271/2000 [00:31<00:22, 32.57it/s]
 64%|██████▍   | 1275/2000 [00:31<00:23, 30.25it/s]
 64%|██████▍   | 1279/2000 [00:32<00:23, 31.21it/s]
 64%|██████▍   | 1283/2000 [00:32<00:32, 22.16it/s]
 64%|██████▍   | 1286/2000 [00:32<00:33, 21.56it/s]
 64%|██████▍   | 1289/2000 [00:32<00:31, 22.46it/s]
 65%|██████▍   | 1292/2000 [00:32<00:31, 22.68it/s]
 65%|██████▍   | 1297/2000 [00:32<00:24, 28.44it/s]
 65%|██████▌   | 1301/2000 [00:32<00:23, 29.48it/s]
 65%|██████▌   | 1305/2000 [00:33<00:23, 30.18it/s]
 66%|██████▌   | 1310/2000 [00:33<00:19, 34.66it/s]
 66%|██████▌   | 1315/2000 [00:33<00:17, 38.11it/s]
 66%|██████▌   | 1322/2000 [00:33<00:15, 44.73it/s]
 66%|██████▋   | 1329/2000 [00:33<00:13, 49.10it/s]
 67%|██████▋   | 1334/2000 [00:33<00:13, 48.37it/s]
 67%|██████▋   | 1339/2000 [00:33<00:13, 48.56it/s]
 67%|██████▋   | 1345/2000 [00:33<00:16, 40.50it/s]
 68%|██████▊   | 1351/2000 [00:34<00:14, 43.63it/s]
 68%|██████▊   | 1357/2000 [00:34<00:13, 46.56it/s]
 68%|██████▊   | 1363/2000 [00:34<00:13, 48.94it/s]
 68%|██████▊   | 1369/2000 [00:34<00:12, 49.37it/s]
 69%|██████▉   | 1375/2000 [00:34<00:12, 50.34it/s]
 69%|██████▉   | 1381/2000 [00:34<00:12, 48.71it/s]
 69%|██████▉   | 1386/2000 [00:34<00:13, 46.31it/s]
 70%|██████▉   | 1391/2000 [00:34<00:14, 42.55it/s]
 70%|██████▉   | 1396/2000 [00:35<00:15, 39.94it/s]
 70%|███████   | 1401/2000 [00:35<00:14, 41.57it/s]
 70%|███████   | 1406/2000 [00:35<00:13, 43.67it/s]
 71%|███████   | 1411/2000 [00:35<00:18, 32.67it/s]
 71%|███████   | 1416/2000 [00:35<00:16, 35.35it/s]
 71%|███████   | 1421/2000 [00:35<00:15, 37.53it/s]
 71%|███████▏  | 1426/2000 [00:35<00:15, 38.15it/s]
 72%|███████▏  | 1431/2000 [00:36<00:15, 36.46it/s]
 72%|███████▏  | 1437/2000 [00:36<00:13, 40.27it/s]
 72%|███████▏  | 1442/2000 [00:36<00:13, 41.60it/s]
 72%|███████▏  | 1447/2000 [00:36<00:12, 42.59it/s]
 73%|███████▎  | 1452/2000 [00:36<00:13, 41.69it/s]
 73%|███████▎  | 1457/2000 [00:36<00:13, 41.12it/s]
 73%|███████▎  | 1462/2000 [00:36<00:14, 36.59it/s]
 73%|███████▎  | 1466/2000 [00:36<00:15, 35.37it/s]
 74%|███████▎  | 1470/2000 [00:37<00:14, 35.46it/s]
 74%|███████▎  | 1474/2000 [00:37<00:18, 28.83it/s]
 74%|███████▍  | 1479/2000 [00:37<00:15, 32.98it/s]
 74%|███████▍  | 1484/2000 [00:37<00:13, 36.87it/s]
 74%|███████▍  | 1489/2000 [00:37<00:13, 38.48it/s]
 75%|███████▍  | 1494/2000 [00:37<00:13, 36.67it/s]
 75%|███████▍  | 1498/2000 [00:37<00:14, 33.66it/s]
 75%|███████▌  | 1502/2000 [00:38<00:15, 32.48it/s]
 75%|███████▌  | 1506/2000 [00:38<00:15, 31.16it/s]
 76%|███████▌  | 1510/2000 [00:38<00:15, 31.77it/s]
 76%|███████▌  | 1514/2000 [00:38<00:16, 29.66it/s]
 76%|███████▌  | 1518/2000 [00:38<00:16, 29.50it/s]
 76%|███████▌  | 1522/2000 [00:38<00:16, 29.74it/s]
 76%|███████▋  | 1527/2000 [00:38<00:14, 32.46it/s]
 77%|███████▋  | 1531/2000 [00:38<00:14, 33.45it/s]
 77%|███████▋  | 1535/2000 [00:39<00:15, 30.73it/s]
 77%|███████▋  | 1539/2000 [00:39<00:19, 23.11it/s]
 77%|███████▋  | 1542/2000 [00:39<00:19, 23.73it/s]
 77%|███████▋  | 1546/2000 [00:39<00:17, 25.64it/s]
 78%|███████▊  | 1550/2000 [00:39<00:16, 27.70it/s]
 78%|███████▊  | 1554/2000 [00:39<00:15, 29.35it/s]
 78%|███████▊  | 1558/2000 [00:40<00:17, 25.62it/s]
 78%|███████▊  | 1561/2000 [00:40<00:16, 26.50it/s]
 78%|███████▊  | 1566/2000 [00:40<00:13, 31.25it/s]
 79%|███████▊  | 1571/2000 [00:40<00:12, 34.54it/s]
 79%|███████▉  | 1576/2000 [00:40<00:11, 37.27it/s]
 79%|███████▉  | 1581/2000 [00:40<00:10, 39.43it/s]
 79%|███████▉  | 1586/2000 [00:40<00:10, 39.78it/s]
 80%|███████▉  | 1591/2000 [00:40<00:09, 41.24it/s]
 80%|███████▉  | 1596/2000 [00:40<00:09, 42.95it/s]
 80%|████████  | 1601/2000 [00:41<00:11, 34.42it/s]
 80%|████████  | 1606/2000 [00:41<00:10, 37.82it/s]
 81%|████████  | 1611/2000 [00:41<00:09, 39.69it/s]
 81%|████████  | 1616/2000 [00:41<00:09, 42.02it/s]
 81%|████████  | 1621/2000 [00:41<00:08, 43.57it/s]
 81%|████████▏ | 1627/2000 [00:41<00:08, 46.12it/s]
 82%|████████▏ | 1633/2000 [00:41<00:07, 48.76it/s]
 82%|████████▏ | 1638/2000 [00:41<00:07, 48.57it/s]
 82%|████████▏ | 1643/2000 [00:42<00:07, 47.71it/s]
 82%|████████▏ | 1649/2000 [00:42<00:07, 49.15it/s]
 83%|████████▎ | 1655/2000 [00:42<00:06, 49.94it/s]
 83%|████████▎ | 1661/2000 [00:42<00:06, 50.41it/s]
 83%|████████▎ | 1667/2000 [00:42<00:08, 41.40it/s]
 84%|████████▎ | 1672/2000 [00:42<00:07, 41.82it/s]
 84%|████████▍ | 1677/2000 [00:42<00:08, 38.75it/s]
 84%|████████▍ | 1682/2000 [00:43<00:08, 35.35it/s]
 84%|████████▍ | 1686/2000 [00:43<00:09, 33.37it/s]
 84%|████████▍ | 1690/2000 [00:43<00:09, 32.02it/s]
 85%|████████▍ | 1695/2000 [00:43<00:08, 35.27it/s]
 85%|████████▌ | 1700/2000 [00:43<00:07, 38.16it/s]
 85%|████████▌ | 1704/2000 [00:43<00:07, 37.10it/s]
 85%|████████▌ | 1709/2000 [00:43<00:07, 39.61it/s]
 86%|████████▌ | 1714/2000 [00:43<00:07, 39.98it/s]
 86%|████████▌ | 1719/2000 [00:43<00:07, 38.71it/s]
 86%|████████▌ | 1723/2000 [00:44<00:07, 38.95it/s]
 86%|████████▋ | 1727/2000 [00:44<00:07, 35.67it/s]
 87%|████████▋ | 1731/2000 [00:44<00:09, 27.72it/s]
 87%|████████▋ | 1735/2000 [00:44<00:10, 25.85it/s]
 87%|████████▋ | 1740/2000 [00:44<00:08, 30.20it/s]
 87%|████████▋ | 1745/2000 [00:44<00:07, 33.23it/s]
 88%|████████▊ | 1750/2000 [00:44<00:07, 35.68it/s]
 88%|████████▊ | 1755/2000 [00:45<00:06, 37.92it/s]
 88%|████████▊ | 1760/2000 [00:45<00:05, 40.54it/s]
 88%|████████▊ | 1766/2000 [00:45<00:05, 44.08it/s]
 89%|████████▊ | 1772/2000 [00:45<00:04, 46.85it/s]
 89%|████████▉ | 1778/2000 [00:45<00:04, 49.32it/s]
 89%|████████▉ | 1784/2000 [00:45<00:04, 50.13it/s]
 90%|████████▉ | 1790/2000 [00:45<00:04, 50.53it/s]
 90%|████████▉ | 1796/2000 [00:45<00:04, 40.97it/s]
 90%|█████████ | 1801/2000 [00:46<00:04, 42.95it/s]
 90%|█████████ | 1807/2000 [00:46<00:04, 45.21it/s]
 91%|█████████ | 1812/2000 [00:46<00:04, 44.70it/s]
 91%|█████████ | 1817/2000 [00:46<00:04, 41.40it/s]
 91%|█████████ | 1822/2000 [00:46<00:04, 41.62it/s]
 91%|█████████▏| 1828/2000 [00:46<00:03, 44.32it/s]
 92%|█████████▏| 1834/2000 [00:46<00:03, 47.33it/s]
 92%|█████████▏| 1839/2000 [00:46<00:04, 39.83it/s]
 92%|█████████▏| 1844/2000 [00:47<00:03, 41.85it/s]
 92%|█████████▎| 1850/2000 [00:47<00:03, 44.24it/s]
 93%|█████████▎| 1856/2000 [00:47<00:03, 46.25it/s]
 93%|█████████▎| 1861/2000 [00:47<00:03, 39.64it/s]
 93%|█████████▎| 1867/2000 [00:47<00:03, 43.16it/s]
 94%|█████████▎| 1872/2000 [00:47<00:02, 44.28it/s]
 94%|█████████▍| 1877/2000 [00:47<00:02, 44.79it/s]
 94%|█████████▍| 1882/2000 [00:47<00:02, 44.00it/s]
 94%|█████████▍| 1888/2000 [00:48<00:02, 46.05it/s]
 95%|█████████▍| 1893/2000 [00:48<00:02, 46.44it/s]
 95%|█████████▍| 1899/2000 [00:48<00:02, 48.83it/s]
 95%|█████████▌| 1904/2000 [00:48<00:01, 48.40it/s]
 96%|█████████▌| 1910/2000 [00:48<00:01, 50.81it/s]
 96%|█████████▌| 1916/2000 [00:48<00:01, 50.02it/s]
 96%|█████████▌| 1922/2000 [00:48<00:01, 40.96it/s]
 96%|█████████▋| 1927/2000 [00:48<00:01, 43.02it/s]
 97%|█████████▋| 1933/2000 [00:49<00:01, 45.88it/s]
 97%|█████████▋| 1939/2000 [00:49<00:01, 47.49it/s]
 97%|█████████▋| 1945/2000 [00:49<00:01, 48.34it/s]
 98%|█████████▊| 1950/2000 [00:49<00:01, 48.49it/s]
 98%|█████████▊| 1955/2000 [00:49<00:00, 47.82it/s]
 98%|█████████▊| 1961/2000 [00:49<00:00, 49.69it/s]
 98%|█████████▊| 1967/2000 [00:49<00:00, 48.24it/s]
 99%|█████████▊| 1972/2000 [00:49<00:00, 47.25it/s]
 99%|█████████▉| 1978/2000 [00:49<00:00, 48.64it/s]
 99%|█████████▉| 1983/2000 [00:50<00:00, 48.14it/s]
 99%|█████████▉| 1988/2000 [00:50<00:00, 39.31it/s]
100%|█████████▉| 1993/2000 [00:50<00:00, 40.93it/s]
100%|█████████▉| 1999/2000 [00:50<00:00, 45.22it/s]
                                                   

  0%|          | 0/2000 [00:00<?, ?it/s]
  0%|          | 1/2000 [00:00<03:43,  8.94it/s]
  0%|          | 7/2000 [00:00<00:56, 35.18it/s]
  1%|          | 12/2000 [00:00<00:49, 40.23it/s]
  1%|          | 18/2000 [00:00<00:43, 45.67it/s]
  1%|          | 24/2000 [00:00<00:41, 47.56it/s]
  2%|▏         | 30/2000 [00:00<00:40, 48.90it/s]
  2%|▏         | 35/2000 [00:00<00:40, 48.64it/s]
  2%|▏         | 41/2000 [00:00<00:40, 48.21it/s]
  2%|▏         | 46/2000 [00:01<00:40, 47.91it/s]
  3%|▎         | 51/2000 [00:01<00:40, 48.33it/s]
  3%|▎         | 57/2000 [00:01<00:38, 51.00it/s]
  3%|▎         | 63/2000 [00:01<00:38, 49.84it/s]
  3%|▎         | 69/2000 [00:01<00:48, 39.97it/s]
  4%|▍         | 75/2000 [00:01<00:44, 43.29it/s]
  4%|▍         | 81/2000 [00:01<00:42, 45.64it/s]
  4%|▍         | 88/2000 [00:01<00:38, 49.83it/s]
  5%|▍         | 94/2000 [00:02<00:37, 50.44it/s]
  5%|▌         | 100/2000 [00:02<00:37, 51.35it/s]
  5%|▌         | 106/2000 [00:02<00:37, 50.52it/s]
  6%|▌         | 112/2000 [00:02<00:38, 48.73it/s]
  6%|▌         | 117/2000 [00:02<00:39, 47.82it/s]
  6%|▌         | 122/2000 [00:02<00:39, 47.90it/s]
  6%|▋         | 128/2000 [00:02<00:38, 48.62it/s]
  7%|▋         | 133/2000 [00:02<00:47, 39.10it/s]
  7%|▋         | 139/2000 [00:03<00:43, 42.87it/s]
  7%|▋         | 144/2000 [00:03<00:43, 42.57it/s]
  7%|▋         | 149/2000 [00:03<00:43, 42.61it/s]
  8%|▊         | 154/2000 [00:03<00:46, 39.75it/s]
  8%|▊         | 159/2000 [00:03<00:44, 41.37it/s]
  8%|▊         | 164/2000 [00:03<00:44, 41.16it/s]
  8%|▊         | 169/2000 [00:03<00:42, 43.19it/s]
  9%|▊         | 174/2000 [00:03<00:40, 44.56it/s]
  9%|▉         | 180/2000 [00:03<00:39, 46.60it/s]
  9%|▉         | 186/2000 [00:04<00:38, 47.01it/s]
 10%|▉         | 192/2000 [00:04<00:36, 49.11it/s]
 10%|▉         | 197/2000 [00:04<00:44, 40.91it/s]
 10%|█         | 202/2000 [00:04<00:43, 41.60it/s]
 10%|█         | 207/2000 [00:04<00:42, 42.27it/s]
 11%|█         | 212/2000 [00:04<00:41, 43.00it/s]
 11%|█         | 217/2000 [00:04<00:39, 44.75it/s]
 11%|█         | 222/2000 [00:04<00:39, 45.01it/s]
 11%|█▏        | 228/2000 [00:05<00:36, 48.39it/s]
 12%|█▏        | 234/2000 [00:05<00:35, 49.96it/s]
 12%|█▏        | 240/2000 [00:05<00:33, 52.02it/s]
 12%|█▏        | 246/2000 [00:05<00:34, 50.64it/s]
 13%|█▎        | 252/2000 [00:05<00:35, 49.89it/s]
 13%|█▎        | 258/2000 [00:05<00:41, 42.07it/s]
 13%|█▎        | 264/2000 [00:05<00:38, 45.27it/s]
 14%|█▎        | 270/2000 [00:05<00:35, 48.32it/s]
 14%|█▍        | 276/2000 [00:06<00:35, 48.58it/s]
 14%|█▍        | 282/2000 [00:06<00:34, 49.51it/s]
 14%|█▍        | 288/2000 [00:06<00:33, 50.38it/s]
 15%|█▍        | 294/2000 [00:06<00:35, 48.70it/s]
 15%|█▌        | 300/2000 [00:06<00:34, 49.75it/s]
 15%|█▌        | 306/2000 [00:06<00:34, 49.41it/s]
 16%|█▌        | 311/2000 [00:06<00:34, 49.44it/s]
 16%|█▌        | 317/2000 [00:06<00:32, 51.42it/s]
 16%|█▌        | 323/2000 [00:07<00:40, 41.52it/s]
 16%|█▋        | 328/2000 [00:07<00:39, 42.57it/s]
 17%|█▋        | 333/2000 [00:07<00:38, 42.99it/s]
 17%|█▋        | 338/2000 [00:07<00:37, 44.17it/s]
 17%|█▋        | 343/2000 [00:07<00:36, 45.33it/s]
 17%|█▋        | 348/2000 [00:07<00:37, 44.25it/s]
 18%|█▊        | 353/2000 [00:07<00:38, 43.21it/s]
 18%|█▊        | 358/2000 [00:07<00:37, 44.05it/s]
 18%|█▊        | 363/2000 [00:07<00:38, 42.90it/s]
 18%|█▊        | 368/2000 [00:08<00:40, 40.78it/s]
 19%|█▊        | 373/2000 [00:08<00:38, 42.76it/s]
 19%|█▉        | 379/2000 [00:08<00:35, 45.60it/s]
 19%|█▉        | 384/2000 [00:08<00:36, 44.78it/s]
 19%|█▉        | 389/2000 [00:08<00:43, 36.77it/s]
 20%|█▉        | 395/2000 [00:08<00:39, 40.59it/s]
 20%|██        | 401/2000 [00:08<00:37, 42.79it/s]
 20%|██        | 406/2000 [00:08<00:35, 44.32it/s]
 21%|██        | 412/2000 [00:09<00:33, 47.31it/s]
 21%|██        | 418/2000 [00:09<00:32, 48.55it/s]
 21%|██        | 423/2000 [00:09<00:32, 48.15it/s]
 21%|██▏       | 428/2000 [00:09<00:32, 48.54it/s]
 22%|██▏       | 433/2000 [00:09<00:32, 48.21it/s]
 22%|██▏       | 438/2000 [00:09<00:32, 48.31it/s]
 22%|██▏       | 444/2000 [00:09<00:31, 48.78it/s]
 22%|██▏       | 449/2000 [00:09<00:38, 40.20it/s]
 23%|██▎       | 455/2000 [00:10<00:36, 42.91it/s]
 23%|██▎       | 460/2000 [00:10<00:34, 44.65it/s]
 23%|██▎       | 465/2000 [00:10<00:34, 44.24it/s]
 24%|██▎       | 470/2000 [00:10<00:33, 45.38it/s]
 24%|██▍       | 475/2000 [00:10<00:37, 40.76it/s]
 24%|██▍       | 480/2000 [00:10<00:38, 39.66it/s]
 24%|██▍       | 485/2000 [00:10<00:39, 38.83it/s]
 24%|██▍       | 490/2000 [00:10<00:38, 39.50it/s]
 25%|██▍       | 495/2000 [00:10<00:36, 41.02it/s]
 25%|██▌       | 501/2000 [00:11<00:34, 43.39it/s]
 25%|██▌       | 507/2000 [00:11<00:32, 46.36it/s]
 26%|██▌       | 513/2000 [00:11<00:41, 35.71it/s]
 26%|██▌       | 519/2000 [00:11<00:37, 39.87it/s]
 26%|██▌       | 524/2000 [00:11<00:35, 41.79it/s]
 26%|██▋       | 530/2000 [00:11<00:33, 44.49it/s]
 27%|██▋       | 536/2000 [00:11<00:31, 46.50it/s]
 27%|██▋       | 541/2000 [00:12<00:31, 46.67it/s]
 27%|██▋       | 547/2000 [00:12<00:30, 47.82it/s]
 28%|██▊       | 553/2000 [00:12<00:28, 50.41it/s]
 28%|██▊       | 559/2000 [00:12<00:27, 52.03it/s]
 28%|██▊       | 565/2000 [00:12<00:28, 50.00it/s]
 29%|██▊       | 571/2000 [00:12<00:28, 50.72it/s]
 29%|██▉       | 577/2000 [00:12<00:33, 42.97it/s]
 29%|██▉       | 582/2000 [00:12<00:31, 44.54it/s]
 29%|██▉       | 588/2000 [00:13<00:30, 46.46it/s]
 30%|██▉       | 593/2000 [00:13<00:29, 47.17it/s]
 30%|██▉       | 599/2000 [00:13<00:28, 48.85it/s]
 30%|███       | 604/2000 [00:13<00:29, 47.88it/s]
 30%|███       | 610/2000 [00:13<00:27, 49.82it/s]
 31%|███       | 616/2000 [00:13<00:27, 49.98it/s]
 31%|███       | 622/2000 [00:13<00:27, 49.46it/s]
 31%|███▏      | 627/2000 [00:13<00:27, 49.57it/s]
 32%|███▏      | 633/2000 [00:13<00:27, 49.79it/s]
 32%|███▏      | 639/2000 [00:14<00:27, 50.40it/s]
 32%|███▏      | 645/2000 [00:14<00:32, 41.38it/s]
 33%|███▎      | 652/2000 [00:14<00:28, 46.69it/s]
 33%|███▎      | 657/2000 [00:14<00:28, 47.02it/s]
 33%|███▎      | 663/2000 [00:14<00:26, 49.89it/s]
 34%|███▎      | 670/2000 [00:14<00:24, 54.75it/s]
 34%|███▍      | 676/2000 [00:14<00:24, 54.46it/s]
 34%|███▍      | 682/2000 [00:14<00:25, 52.53it/s]
 34%|███▍      | 689/2000 [00:15<00:24, 54.56it/s]
 35%|███▍      | 695/2000 [00:15<00:24, 53.33it/s]
 35%|███▌      | 701/2000 [00:15<00:24, 53.41it/s]
 35%|███▌      | 707/2000 [00:15<00:29, 44.21it/s]
 36%|███▌      | 712/2000 [00:15<00:28, 45.14it/s]
 36%|███▌      | 718/2000 [00:15<00:26, 48.29it/s]
 36%|███▌      | 724/2000 [00:15<00:26, 48.55it/s]
 36%|███▋      | 730/2000 [00:15<00:25, 49.70it/s]
 37%|███▋      | 736/2000 [00:16<00:26, 48.26it/s]
 37%|███▋      | 742/2000 [00:16<00:25, 49.76it/s]
 37%|███▋      | 748/2000 [00:16<00:24, 51.08it/s]
 38%|███▊      | 754/2000 [00:16<00:24, 50.70it/s]
 38%|███▊      | 760/2000 [00:16<00:23, 51.74it/s]
 38%|███▊      | 766/2000 [00:16<00:23, 52.02it/s]
 39%|███▊      | 772/2000 [00:16<00:28, 43.30it/s]
 39%|███▉      | 778/2000 [00:16<00:26, 45.91it/s]
 39%|███▉      | 783/2000 [00:16<00:26, 46.80it/s]
 39%|███▉      | 788/2000 [00:17<00:25, 46.90it/s]
 40%|███▉      | 793/2000 [00:17<00:25, 46.91it/s]
 40%|███▉      | 799/2000 [00:17<00:24, 49.30it/s]
 40%|████      | 804/2000 [00:17<00:24, 48.23it/s]
 40%|████      | 809/2000 [00:17<00:24, 48.50it/s]
 41%|████      | 814/2000 [00:17<00:24, 48.88it/s]
 41%|████      | 819/2000 [00:17<00:24, 47.59it/s]
 41%|████      | 824/2000 [00:17<00:25, 46.78it/s]
 41%|████▏     | 829/2000 [00:17<00:24, 47.21it/s]
 42%|████▏     | 834/2000 [00:18<00:29, 39.56it/s]
 42%|████▏     | 840/2000 [00:18<00:26, 43.63it/s]
 42%|████▏     | 846/2000 [00:18<00:25, 45.55it/s]
 43%|████▎     | 851/2000 [00:18<00:25, 44.38it/s]
 43%|████▎     | 856/2000 [00:18<00:25, 45.70it/s]
 43%|████▎     | 862/2000 [00:18<00:24, 47.12it/s]
 43%|████▎     | 868/2000 [00:18<00:23, 49.08it/s]
 44%|████▎     | 873/2000 [00:18<00:23, 48.88it/s]
 44%|████▍     | 879/2000 [00:19<00:22, 50.37it/s]
 44%|████▍     | 885/2000 [00:19<00:22, 49.96it/s]
 45%|████▍     | 891/2000 [00:19<00:22, 48.88it/s]
 45%|████▍     | 896/2000 [00:19<00:22, 48.98it/s]
 45%|████▌     | 901/2000 [00:19<00:27, 40.42it/s]
 45%|████▌     | 907/2000 [00:19<00:24, 44.60it/s]
 46%|████▌     | 913/2000 [00:19<00:23, 47.01it/s]
 46%|████▌     | 919/2000 [00:19<00:22, 48.86it/s]
 46%|████▋     | 925/2000 [00:19<00:21, 50.00it/s]
 47%|████▋     | 931/2000 [00:20<00:21, 49.90it/s]
 47%|████▋     | 937/2000 [00:20<00:21, 50.07it/s]
 47%|████▋     | 943/2000 [00:20<00:21, 49.48it/s]
 47%|████▋     | 949/2000 [00:20<00:20, 50.89it/s]
 48%|████▊     | 955/2000 [00:20<00:21, 49.01it/s]
 48%|████▊     | 960/2000 [00:20<00:21, 48.76it/s]
 48%|████▊     | 965/2000 [00:20<00:24, 41.58it/s]
 49%|████▊     | 971/2000 [00:20<00:23, 43.92it/s]
 49%|████▉     | 976/2000 [00:21<00:22, 45.38it/s]
 49%|████▉     | 982/2000 [00:21<00:21, 47.28it/s]
 49%|████▉     | 988/2000 [00:21<00:20, 49.25it/s]
 50%|████▉     | 993/2000 [00:21<00:21, 46.35it/s]
 50%|████▉     | 998/2000 [00:21<00:21, 46.02it/s]
 50%|█████     | 1003/2000 [00:21<00:22, 44.81it/s]
 50%|█████     | 1008/2000 [00:21<00:22, 44.79it/s]
 51%|█████     | 1013/2000 [00:21<00:22, 44.47it/s]
 51%|█████     | 1018/2000 [00:22<00:21, 45.10it/s]
 51%|█████     | 1024/2000 [00:22<00:20, 46.79it/s]
 51%|█████▏    | 1029/2000 [00:22<00:24, 39.21it/s]
 52%|█████▏    | 1034/2000 [00:22<00:25, 37.88it/s]
 52%|█████▏    | 1040/2000 [00:22<00:22, 42.19it/s]
 52%|█████▏    | 1046/2000 [00:22<00:21, 45.19it/s]
 53%|█████▎    | 1051/2000 [00:22<00:20, 46.17it/s]
 53%|█████▎    | 1057/2000 [00:22<00:19, 47.74it/s]
 53%|█████▎    | 1062/2000 [00:22<00:19, 47.83it/s]
 53%|█████▎    | 1068/2000 [00:23<00:19, 48.65it/s]
 54%|█████▎    | 1074/2000 [00:23<00:18, 50.73it/s]
 54%|█████▍    | 1080/2000 [00:23<00:17, 51.31it/s]
 54%|█████▍    | 1086/2000 [00:23<00:18, 50.06it/s]
 55%|█████▍    | 1092/2000 [00:23<00:23, 39.45it/s]
 55%|█████▍    | 1098/2000 [00:23<00:20, 43.22it/s]
 55%|█████▌    | 1103/2000 [00:23<00:20, 44.62it/s]
 55%|█████▌    | 1109/2000 [00:24<00:18, 46.91it/s]
 56%|█████▌    | 1115/2000 [00:24<00:17, 49.18it/s]
 56%|█████▌    | 1121/2000 [00:24<00:17, 49.79it/s]
 56%|█████▋    | 1127/2000 [00:24<00:17, 50.22it/s]
 57%|█████▋    | 1133/2000 [00:24<00:17, 49.90it/s]
 57%|█████▋    | 1139/2000 [00:24<00:17, 50.13it/s]
 57%|█████▋    | 1145/2000 [00:24<00:16, 50.75it/s]
 58%|█████▊    | 1151/2000 [00:24<00:16, 50.40it/s]
 58%|█████▊    | 1157/2000 [00:25<00:19, 42.92it/s]
 58%|█████▊    | 1162/2000 [00:25<00:18, 44.24it/s]
 58%|█████▊    | 1168/2000 [00:25<00:17, 46.91it/s]
 59%|█████▊    | 1173/2000 [00:25<00:17, 47.11it/s]
 59%|█████▉    | 1179/2000 [00:25<00:16, 48.48it/s]
 59%|█████▉    | 1184/2000 [00:25<00:16, 48.84it/s]
 60%|█████▉    | 1190/2000 [00:25<00:16, 49.58it/s]
 60%|█████▉    | 1196/2000 [00:25<00:15, 50.64it/s]
 60%|██████    | 1202/2000 [00:25<00:15, 49.99it/s]
 60%|██████    | 1208/2000 [00:26<00:15, 50.17it/s]
 61%|██████    | 1214/2000 [00:26<00:15, 51.15it/s]
 61%|██████    | 1220/2000 [00:26<00:18, 42.18it/s]
 61%|██████▏   | 1225/2000 [00:26<00:17, 43.55it/s]
 62%|██████▏   | 1230/2000 [00:26<00:17, 44.40it/s]
 62%|██████▏   | 1235/2000 [00:26<00:20, 37.87it/s]
 62%|██████▏   | 1240/2000 [00:26<00:19, 39.72it/s]
 62%|██████▏   | 1245/2000 [00:26<00:19, 38.91it/s]
 63%|██████▎   | 1251/2000 [00:27<00:17, 42.23it/s]
 63%|██████▎   | 1256/2000 [00:27<00:16, 44.09it/s]
 63%|██████▎   | 1261/2000 [00:27<00:16, 44.88it/s]
 63%|██████▎   | 1267/2000 [00:27<00:15, 46.99it/s]
 64%|██████▎   | 1273/2000 [00:27<00:14, 49.21it/s]
 64%|██████▍   | 1279/2000 [00:27<00:13, 51.70it/s]
 64%|██████▍   | 1285/2000 [00:27<00:16, 43.89it/s]
 64%|██████▍   | 1290/2000 [00:27<00:16, 44.12it/s]
 65%|██████▍   | 1295/2000 [00:28<00:15, 44.47it/s]
 65%|██████▌   | 1301/2000 [00:28<00:15, 45.72it/s]
 65%|██████▌   | 1306/2000 [00:28<00:16, 43.18it/s]
 66%|██████▌   | 1311/2000 [00:28<00:18, 37.34it/s]
 66%|██████▌   | 1315/2000 [00:28<00:20, 33.79it/s]
 66%|██████▌   | 1319/2000 [00:28<00:20, 33.23it/s]
 66%|██████▌   | 1323/2000 [00:28<00:20, 33.54it/s]
 66%|██████▋   | 1328/2000 [00:28<00:19, 35.08it/s]
 67%|██████▋   | 1332/2000 [00:29<00:18, 35.28it/s]
 67%|██████▋   | 1337/2000 [00:29<00:17, 38.01it/s]
 67%|██████▋   | 1341/2000 [00:29<00:17, 37.49it/s]
 67%|██████▋   | 1345/2000 [00:29<00:20, 32.22it/s]
 68%|██████▊   | 1350/2000 [00:29<00:17, 36.40it/s]
 68%|██████▊   | 1356/2000 [00:29<00:15, 41.15it/s]
 68%|██████▊   | 1362/2000 [00:29<00:14, 44.80it/s]
 68%|██████▊   | 1368/2000 [00:29<00:13, 47.67it/s]
 69%|██████▊   | 1374/2000 [00:30<00:12, 49.38it/s]
 69%|██████▉   | 1380/2000 [00:30<00:12, 51.17it/s]
 69%|██████▉   | 1386/2000 [00:30<00:11, 51.44it/s]
 70%|██████▉   | 1392/2000 [00:30<00:14, 40.63it/s]
 70%|██████▉   | 1397/2000 [00:30<00:14, 41.93it/s]
 70%|███████   | 1403/2000 [00:30<00:13, 43.99it/s]
 70%|███████   | 1409/2000 [00:30<00:14, 39.41it/s]
 71%|███████   | 1414/2000 [00:31<00:14, 41.46it/s]
 71%|███████   | 1419/2000 [00:31<00:13, 43.13it/s]
 71%|███████   | 1424/2000 [00:31<00:12, 44.66it/s]
 72%|███████▏  | 1430/2000 [00:31<00:12, 47.16it/s]
 72%|███████▏  | 1435/2000 [00:31<00:12, 46.85it/s]
 72%|███████▏  | 1441/2000 [00:31<00:11, 47.68it/s]
 72%|███████▏  | 1446/2000 [00:31<00:11, 48.18it/s]
 73%|███████▎  | 1452/2000 [00:31<00:10, 51.06it/s]
 73%|███████▎  | 1458/2000 [00:31<00:10, 52.35it/s]
 73%|███████▎  | 1464/2000 [00:31<00:10, 53.49it/s]
 74%|███████▎  | 1470/2000 [00:32<00:10, 52.99it/s]
 74%|███████▍  | 1476/2000 [00:32<00:12, 43.50it/s]
 74%|███████▍  | 1483/2000 [00:32<00:10, 47.86it/s]
 74%|███████▍  | 1489/2000 [00:32<00:10, 49.61it/s]
 75%|███████▍  | 1495/2000 [00:32<00:10, 50.06it/s]
 75%|███████▌  | 1501/2000 [00:32<00:09, 50.92it/s]
 75%|███████▌  | 1507/2000 [00:32<00:09, 52.34it/s]
 76%|███████▌  | 1513/2000 [00:33<00:10, 44.89it/s]
 76%|███████▌  | 1518/2000 [00:33<00:10, 45.71it/s]
 76%|███████▌  | 1524/2000 [00:33<00:10, 47.11it/s]
 76%|███████▋  | 1530/2000 [00:33<00:09, 47.77it/s]
 77%|███████▋  | 1537/2000 [00:33<00:10, 42.67it/s]
 77%|███████▋  | 1543/2000 [00:33<00:10, 45.35it/s]
 77%|███████▋  | 1549/2000 [00:33<00:09, 46.94it/s]
 78%|███████▊  | 1554/2000 [00:33<00:09, 47.12it/s]
 78%|███████▊  | 1560/2000 [00:34<00:08, 49.10it/s]
 78%|███████▊  | 1566/2000 [00:34<00:08, 48.63it/s]
 79%|███████▊  | 1571/2000 [00:34<00:08, 48.25it/s]
 79%|███████▉  | 1576/2000 [00:34<00:08, 47.61it/s]
 79%|███████▉  | 1582/2000 [00:34<00:08, 48.43it/s]
 79%|███████▉  | 1588/2000 [00:34<00:08, 49.15it/s]
 80%|███████▉  | 1593/2000 [00:34<00:08, 47.24it/s]
 80%|███████▉  | 1599/2000 [00:34<00:07, 50.22it/s]
 80%|████████  | 1605/2000 [00:34<00:09, 43.08it/s]
 81%|████████  | 1611/2000 [00:35<00:08, 45.89it/s]
 81%|████████  | 1617/2000 [00:35<00:07, 48.18it/s]
 81%|████████  | 1623/2000 [00:35<00:07, 48.87it/s]
 81%|████████▏ | 1628/2000 [00:35<00:07, 46.89it/s]
 82%|████████▏ | 1633/2000 [00:35<00:08, 44.85it/s]
 82%|████████▏ | 1638/2000 [00:35<00:08, 44.53it/s]
 82%|████████▏ | 1643/2000 [00:35<00:07, 45.48it/s]
 82%|████████▏ | 1649/2000 [00:35<00:07, 47.43it/s]
 83%|████████▎ | 1655/2000 [00:36<00:07, 48.49it/s]
 83%|████████▎ | 1661/2000 [00:36<00:07, 48.34it/s]
 83%|████████▎ | 1666/2000 [00:36<00:08, 40.74it/s]
 84%|████████▎ | 1671/2000 [00:36<00:07, 41.77it/s]
 84%|████████▍ | 1677/2000 [00:36<00:07, 45.16it/s]
 84%|████████▍ | 1683/2000 [00:36<00:06, 47.04it/s]
 84%|████████▍ | 1689/2000 [00:36<00:06, 48.65it/s]
 85%|████████▍ | 1694/2000 [00:36<00:06, 48.48it/s]
 85%|████████▌ | 1700/2000 [00:36<00:05, 51.27it/s]
 85%|████████▌ | 1706/2000 [00:37<00:05, 51.08it/s]
 86%|████████▌ | 1712/2000 [00:37<00:06, 46.74it/s]
 86%|████████▌ | 1717/2000 [00:37<00:06, 46.11it/s]
 86%|████████▌ | 1722/2000 [00:37<00:06, 46.13it/s]
 86%|████████▋ | 1728/2000 [00:37<00:05, 49.80it/s]
 87%|████████▋ | 1734/2000 [00:37<00:06, 41.62it/s]
 87%|████████▋ | 1740/2000 [00:37<00:05, 44.24it/s]
 87%|████████▋ | 1746/2000 [00:38<00:05, 45.51it/s]
 88%|████████▊ | 1751/2000 [00:38<00:05, 45.27it/s]
 88%|████████▊ | 1757/2000 [00:38<00:05, 48.14it/s]
 88%|████████▊ | 1763/2000 [00:38<00:04, 50.27it/s]
 88%|████████▊ | 1769/2000 [00:38<00:04, 52.02it/s]
 89%|████████▉ | 1775/2000 [00:38<00:04, 51.77it/s]
 89%|████████▉ | 1781/2000 [00:38<00:04, 52.09it/s]
 89%|████████▉ | 1787/2000 [00:38<00:04, 52.33it/s]
 90%|████████▉ | 1793/2000 [00:38<00:04, 43.47it/s]
 90%|████████▉ | 1799/2000 [00:39<00:04, 45.87it/s]
 90%|█████████ | 1805/2000 [00:39<00:04, 48.24it/s]
 91%|█████████ | 1811/2000 [00:39<00:03, 49.86it/s]
 91%|█████████ | 1817/2000 [00:39<00:03, 51.32it/s]
 91%|█████████ | 1823/2000 [00:39<00:03, 51.59it/s]
 91%|█████████▏| 1829/2000 [00:39<00:03, 49.19it/s]
 92%|█████████▏| 1834/2000 [00:39<00:03, 46.81it/s]
 92%|█████████▏| 1839/2000 [00:39<00:03, 45.81it/s]
 92%|█████████▏| 1845/2000 [00:40<00:03, 49.44it/s]
 93%|█████████▎| 1851/2000 [00:40<00:03, 49.49it/s]
 93%|█████████▎| 1857/2000 [00:40<00:03, 43.09it/s]
 93%|█████████▎| 1862/2000 [00:40<00:03, 44.27it/s]
 93%|█████████▎| 1868/2000 [00:40<00:02, 47.69it/s]
 94%|█████████▎| 1874/2000 [00:40<00:02, 49.65it/s]
 94%|█████████▍| 1880/2000 [00:40<00:02, 51.64it/s]
 94%|█████████▍| 1886/2000 [00:40<00:02, 51.17it/s]
 95%|█████████▍| 1892/2000 [00:40<00:02, 51.49it/s]
 95%|█████████▍| 1898/2000 [00:41<00:01, 52.72it/s]
 95%|█████████▌| 1904/2000 [00:41<00:01, 53.53it/s]
 96%|█████████▌| 1910/2000 [00:41<00:01, 52.80it/s]
 96%|█████████▌| 1916/2000 [00:41<00:01, 51.90it/s]
 96%|█████████▌| 1922/2000 [00:41<00:01, 44.22it/s]
 96%|█████████▋| 1928/2000 [00:41<00:01, 46.58it/s]
 97%|█████████▋| 1933/2000 [00:41<00:01, 47.26it/s]
 97%|█████████▋| 1939/2000 [00:41<00:01, 48.42it/s]
 97%|█████████▋| 1944/2000 [00:42<00:01, 48.82it/s]
 98%|█████████▊| 1951/2000 [00:42<00:00, 52.00it/s]
 98%|█████████▊| 1957/2000 [00:42<00:00, 51.68it/s]
 98%|█████████▊| 1963/2000 [00:42<00:00, 51.22it/s]
 98%|█████████▊| 1969/2000 [00:42<00:00, 50.17it/s]
 99%|█████████▉| 1975/2000 [00:42<00:00, 45.78it/s]
 99%|█████████▉| 1980/2000 [00:42<00:00, 44.14it/s]
 99%|█████████▉| 1985/2000 [00:42<00:00, 36.97it/s]
100%|█████████▉| 1991/2000 [00:43<00:00, 39.85it/s]
100%|█████████▉| 1996/2000 [00:43<00:00, 40.72it/s]
                                                   

  0%|          | 0/2000 [00:00<?, ?it/s]
  0%|          | 1/2000 [00:00<04:13,  7.89it/s]
  0%|          | 6/2000 [00:00<01:07, 29.34it/s]
  1%|          | 11/2000 [00:00<00:55, 35.96it/s]
  1%|          | 17/2000 [00:00<00:47, 42.05it/s]
  1%|          | 23/2000 [00:00<00:42, 47.06it/s]
  1%|▏         | 28/2000 [00:00<00:41, 47.53it/s]
  2%|▏         | 33/2000 [00:00<00:47, 41.00it/s]
  2%|▏         | 39/2000 [00:00<00:43, 45.48it/s]
  2%|▏         | 44/2000 [00:01<00:42, 45.92it/s]
  2%|▎         | 50/2000 [00:01<00:39, 49.80it/s]
  3%|▎         | 56/2000 [00:01<00:39, 49.38it/s]
  3%|▎         | 62/2000 [00:01<00:39, 49.21it/s]
  3%|▎         | 67/2000 [00:01<00:46, 41.31it/s]
  4%|▎         | 72/2000 [00:01<00:44, 43.40it/s]
  4%|▍         | 78/2000 [00:01<00:41, 46.67it/s]
  4%|▍         | 83/2000 [00:01<00:40, 47.08it/s]
  4%|▍         | 89/2000 [00:01<00:39, 48.91it/s]
  5%|▍         | 94/2000 [00:02<00:39, 48.67it/s]
  5%|▌         | 100/2000 [00:02<00:37, 51.33it/s]
  5%|▌         | 106/2000 [00:02<00:37, 50.23it/s]
  6%|▌         | 112/2000 [00:02<00:36, 52.29it/s]
  6%|▌         | 118/2000 [00:02<00:35, 52.46it/s]
  6%|▌         | 124/2000 [00:02<00:36, 51.13it/s]
  6%|▋         | 130/2000 [00:02<00:43, 43.47it/s]
  7%|▋         | 136/2000 [00:02<00:40, 45.98it/s]
  7%|▋         | 142/2000 [00:03<00:39, 47.43it/s]
  7%|▋         | 148/2000 [00:03<00:36, 50.31it/s]
  8%|▊         | 154/2000 [00:03<00:35, 51.78it/s]
  8%|▊         | 160/2000 [00:03<00:36, 50.09it/s]
  8%|▊         | 166/2000 [00:03<00:41, 43.94it/s]
  9%|▊         | 171/2000 [00:03<00:44, 41.08it/s]
  9%|▉         | 176/2000 [00:03<00:43, 42.00it/s]
  9%|▉         | 181/2000 [00:03<00:41, 43.47it/s]
  9%|▉         | 186/2000 [00:04<00:41, 44.10it/s]
 10%|▉         | 191/2000 [00:04<00:40, 44.38it/s]
 10%|▉         | 196/2000 [00:04<00:52, 34.34it/s]
 10%|█         | 201/2000 [00:04<00:51, 34.82it/s]
 10%|█         | 205/2000 [00:04<00:50, 35.84it/s]
 10%|█         | 209/2000 [00:04<00:54, 33.11it/s]
 11%|█         | 213/2000 [00:04<00:57, 30.89it/s]
 11%|█         | 217/2000 [00:05<00:59, 29.84it/s]
 11%|█         | 222/2000 [00:05<00:54, 32.90it/s]
 11%|█▏        | 226/2000 [00:05<00:55, 32.02it/s]
 12%|█▏        | 230/2000 [00:05<00:53, 33.13it/s]
 12%|█▏        | 234/2000 [00:05<00:51, 34.23it/s]
 12%|█▏        | 239/2000 [00:05<00:48, 36.33it/s]
 12%|█▏        | 243/2000 [00:05<00:47, 36.88it/s]
 12%|█▏        | 247/2000 [00:05<00:52, 33.48it/s]
 13%|█▎        | 251/2000 [00:06<00:50, 34.85it/s]
 13%|█▎        | 255/2000 [00:06<00:52, 33.54it/s]
 13%|█▎        | 259/2000 [00:06<01:08, 25.25it/s]
 13%|█▎        | 263/2000 [00:06<01:05, 26.71it/s]
 13%|█▎        | 266/2000 [00:06<01:03, 27.37it/s]
 14%|█▎        | 271/2000 [00:06<00:55, 30.92it/s]
 14%|█▍        | 276/2000 [00:06<00:49, 35.02it/s]
 14%|█▍        | 281/2000 [00:06<00:45, 37.40it/s]
 14%|█▍        | 287/2000 [00:07<00:41, 41.71it/s]
 15%|█▍        | 292/2000 [00:07<00:39, 43.42it/s]
 15%|█▍        | 298/2000 [00:07<00:36, 46.04it/s]
 15%|█▌        | 304/2000 [00:07<00:35, 47.62it/s]
 16%|█▌        | 310/2000 [00:07<00:34, 49.51it/s]
 16%|█▌        | 316/2000 [00:07<00:32, 51.12it/s]
 16%|█▌        | 322/2000 [00:07<00:45, 37.09it/s]
 16%|█▋        | 328/2000 [00:08<00:40, 41.12it/s]
 17%|█▋        | 333/2000 [00:08<00:39, 42.28it/s]
 17%|█▋        | 339/2000 [00:08<00:37, 44.88it/s]
 17%|█▋        | 344/2000 [00:08<00:35, 46.04it/s]
 18%|█▊        | 350/2000 [00:08<00:34, 47.58it/s]
 18%|█▊        | 356/2000 [00:08<00:33, 48.45it/s]
 18%|█▊        | 362/2000 [00:08<00:33, 49.31it/s]
 18%|█▊        | 368/2000 [00:08<00:31, 51.59it/s]
 19%|█▊        | 374/2000 [00:08<00:31, 51.02it/s]
 19%|█▉        | 380/2000 [00:09<00:31, 51.10it/s]
 19%|█▉        | 386/2000 [00:09<00:37, 42.66it/s]
 20%|█▉        | 392/2000 [00:09<00:35, 45.19it/s]
 20%|█▉        | 398/2000 [00:09<00:33, 48.21it/s]
 20%|██        | 404/2000 [00:09<00:33, 46.99it/s]
 20%|██        | 410/2000 [00:09<00:32, 48.95it/s]
 21%|██        | 416/2000 [00:09<00:36, 42.91it/s]
 21%|██        | 421/2000 [00:10<00:39, 39.87it/s]
 21%|██▏       | 427/2000 [00:10<00:35, 43.73it/s]
 22%|██▏       | 432/2000 [00:10<00:35, 44.20it/s]
 22%|██▏       | 437/2000 [00:10<00:34, 45.67it/s]
 22%|██▏       | 442/2000 [00:10<00:33, 46.05it/s]
 22%|██▏       | 447/2000 [00:10<00:36, 42.78it/s]
 23%|██▎       | 452/2000 [00:10<00:45, 34.31it/s]
 23%|██▎       | 456/2000 [00:10<00:44, 34.55it/s]
 23%|██▎       | 460/2000 [00:11<00:45, 33.55it/s]
 23%|██▎       | 464/2000 [00:11<00:45, 33.82it/s]
 23%|██▎       | 468/2000 [00:11<00:43, 35.18it/s]
 24%|██▎       | 472/2000 [00:11<00:42, 35.82it/s]
 24%|██▍       | 478/2000 [00:11<00:38, 39.99it/s]
 24%|██▍       | 483/2000 [00:11<00:37, 40.32it/s]
 24%|██▍       | 489/2000 [00:11<00:34, 43.59it/s]
 25%|██▍       | 495/2000 [00:11<00:32, 46.80it/s]
 25%|██▌       | 501/2000 [00:11<00:31, 47.09it/s]
 25%|██▌       | 506/2000 [00:12<00:31, 46.70it/s]
 26%|██▌       | 512/2000 [00:12<00:30, 48.87it/s]
 26%|██▌       | 517/2000 [00:12<00:38, 38.28it/s]
 26%|██▌       | 522/2000 [00:12<00:37, 39.19it/s]
 26%|██▋       | 528/2000 [00:12<00:34, 43.01it/s]
 27%|██▋       | 534/2000 [00:12<00:31, 46.49it/s]
 27%|██▋       | 539/2000 [00:12<00:31, 45.92it/s]
 27%|██▋       | 544/2000 [00:12<00:32, 45.44it/s]
 27%|██▋       | 549/2000 [00:13<00:32, 44.70it/s]
 28%|██▊       | 555/2000 [00:13<00:30, 47.16it/s]
 28%|██▊       | 561/2000 [00:13<00:28, 50.11it/s]
 28%|██▊       | 568/2000 [00:13<00:26, 53.90it/s]
 29%|██▊       | 574/2000 [00:13<00:25, 55.42it/s]
 29%|██▉       | 580/2000 [00:13<00:28, 49.23it/s]
 29%|██▉       | 586/2000 [00:13<00:27, 51.92it/s]
 30%|██▉       | 594/2000 [00:13<00:24, 57.09it/s]
 30%|███       | 601/2000 [00:13<00:23, 58.50it/s]
 30%|███       | 608/2000 [00:14<00:23, 59.20it/s]
 31%|███       | 614/2000 [00:14<00:24, 57.26it/s]
 31%|███       | 620/2000 [00:14<00:24, 56.33it/s]
 31%|███▏      | 626/2000 [00:14<00:24, 55.00it/s]
 32%|███▏      | 632/2000 [00:14<00:24, 55.12it/s]
 32%|███▏      | 638/2000 [00:14<00:25, 54.12it/s]
 32%|███▏      | 644/2000 [00:14<00:29, 46.70it/s]
 32%|███▏      | 649/2000 [00:14<00:29, 45.78it/s]
 33%|███▎      | 655/2000 [00:15<00:28, 46.97it/s]
 33%|███▎      | 661/2000 [00:15<00:27, 49.53it/s]
 33%|███▎      | 668/2000 [00:15<00:24, 53.77it/s]
 34%|███▎      | 674/2000 [00:15<00:24, 54.65it/s]
 34%|███▍      | 681/2000 [00:15<00:23, 56.52it/s]
 34%|███▍      | 687/2000 [00:15<00:23, 54.77it/s]
 35%|███▍      | 693/2000 [00:15<00:23, 55.74it/s]
 35%|███▌      | 700/2000 [00:15<00:22, 57.83it/s]
 35%|███▌      | 706/2000 [00:16<00:26, 48.15it/s]
 36%|███▌      | 714/2000 [00:16<00:23, 53.96it/s]
 36%|███▌      | 721/2000 [00:16<00:22, 55.96it/s]
 36%|███▋      | 727/2000 [00:16<00:23, 54.08it/s]
 37%|███▋      | 733/2000 [00:16<00:25, 49.14it/s]
 37%|███▋      | 739/2000 [00:16<00:25, 50.18it/s]
 37%|███▋      | 745/2000 [00:16<00:24, 51.24it/s]
 38%|███▊      | 751/2000 [00:16<00:24, 50.57it/s]
 38%|███▊      | 758/2000 [00:16<00:22, 54.85it/s]
 38%|███▊      | 764/2000 [00:17<00:22, 55.02it/s]
 38%|███▊      | 770/2000 [00:17<00:28, 42.80it/s]
 39%|███▉      | 775/2000 [00:17<00:30, 39.69it/s]
 39%|███▉      | 780/2000 [00:17<00:30, 39.87it/s]
 39%|███▉      | 785/2000 [00:17<00:29, 41.66it/s]
 40%|███▉      | 790/2000 [00:17<00:27, 43.70it/s]
 40%|███▉      | 795/2000 [00:17<00:27, 44.29it/s]
 40%|████      | 800/2000 [00:18<00:26, 45.33it/s]
 40%|████      | 805/2000 [00:18<00:26, 44.58it/s]
 41%|████      | 811/2000 [00:18<00:26, 45.31it/s]
 41%|████      | 816/2000 [00:18<00:25, 46.21it/s]
 41%|████      | 822/2000 [00:18<00:24, 48.18it/s]
 41%|████▏     | 828/2000 [00:18<00:23, 49.36it/s]
 42%|████▏     | 833/2000 [00:18<00:28, 40.74it/s]
 42%|████▏     | 839/2000 [00:18<00:25, 44.74it/s]
 42%|████▏     | 844/2000 [00:18<00:25, 46.01it/s]
 42%|████▎     | 850/2000 [00:19<00:24, 47.88it/s]
 43%|████▎     | 855/2000 [00:19<00:24, 47.36it/s]
 43%|████▎     | 861/2000 [00:19<00:23, 47.78it/s]
 43%|████▎     | 867/2000 [00:19<00:22, 50.03it/s]
 44%|████▎     | 873/2000 [00:19<00:22, 51.00it/s]
 44%|████▍     | 879/2000 [00:19<00:21, 51.37it/s]
 44%|████▍     | 885/2000 [00:19<00:21, 51.84it/s]
 45%|████▍     | 892/2000 [00:19<00:20, 54.00it/s]
 45%|████▍     | 898/2000 [00:20<00:24, 44.97it/s]
 45%|████▌     | 903/2000 [00:20<00:25, 43.55it/s]
 45%|████▌     | 908/2000 [00:20<00:25, 43.22it/s]
 46%|████▌     | 913/2000 [00:20<00:24, 43.87it/s]
 46%|████▌     | 918/2000 [00:20<00:25, 43.21it/s]
 46%|████▌     | 923/2000 [00:20<00:24, 43.77it/s]
 46%|████▋     | 929/2000 [00:20<00:23, 46.53it/s]
 47%|████▋     | 934/2000 [00:20<00:23, 45.72it/s]
 47%|████▋     | 939/2000 [00:20<00:23, 45.57it/s]
 47%|████▋     | 944/2000 [00:21<00:22, 46.10it/s]
 47%|████▋     | 949/2000 [00:21<00:24, 43.35it/s]
 48%|████▊     | 954/2000 [00:21<00:26, 39.63it/s]
 48%|████▊     | 959/2000 [00:21<00:27, 38.20it/s]
 48%|████▊     | 963/2000 [00:21<00:32, 31.48it/s]
 48%|████▊     | 969/2000 [00:21<00:28, 36.62it/s]
 49%|████▊     | 974/2000 [00:21<00:26, 39.35it/s]
 49%|████▉     | 980/2000 [00:22<00:23, 43.16it/s]
 49%|████▉     | 985/2000 [00:22<00:22, 44.73it/s]
 50%|████▉     | 991/2000 [00:22<00:22, 45.27it/s]
 50%|████▉     | 997/2000 [00:22<00:21, 47.64it/s]
 50%|█████     | 1002/2000 [00:22<00:21, 46.73it/s]
 50%|█████     | 1008/2000 [00:22<00:20, 48.71it/s]
 51%|█████     | 1013/2000 [00:22<00:22, 43.48it/s]
 51%|█████     | 1018/2000 [00:22<00:23, 41.27it/s]
 51%|█████     | 1023/2000 [00:23<00:25, 38.27it/s]
 51%|█████▏    | 1027/2000 [00:23<00:36, 26.81it/s]
 52%|█████▏    | 1032/2000 [00:23<00:31, 30.90it/s]
 52%|█████▏    | 1038/2000 [00:23<00:26, 36.27it/s]
 52%|█████▏    | 1043/2000 [00:23<00:24, 38.55it/s]
 52%|█████▏    | 1048/2000 [00:23<00:23, 41.10it/s]
 53%|█████▎    | 1053/2000 [00:23<00:23, 40.63it/s]
 53%|█████▎    | 1058/2000 [00:23<00:22, 42.54it/s]
 53%|█████▎    | 1063/2000 [00:24<00:22, 41.66it/s]
 53%|█████▎    | 1068/2000 [00:24<00:22, 41.98it/s]
 54%|█████▎    | 1073/2000 [00:24<00:22, 42.13it/s]
 54%|█████▍    | 1078/2000 [00:24<00:21, 43.54it/s]
 54%|█████▍    | 1083/2000 [00:24<00:21, 43.11it/s]
 54%|█████▍    | 1088/2000 [00:24<00:21, 43.21it/s]
 55%|█████▍    | 1093/2000 [00:24<00:26, 33.66it/s]
 55%|█████▍    | 1099/2000 [00:25<00:22, 39.25it/s]
 55%|█████▌    | 1104/2000 [00:25<00:21, 41.36it/s]
 55%|█████▌    | 1109/2000 [00:25<00:21, 41.44it/s]
 56%|█████▌    | 1114/2000 [00:25<00:20, 43.23it/s]
 56%|█████▌    | 1119/2000 [00:25<00:19, 44.79it/s]
 56%|█████▋    | 1125/2000 [00:25<00:18, 46.34it/s]
 56%|█████▋    | 1130/2000 [00:25<00:20, 42.06it/s]
 57%|█████▋    | 1136/2000 [00:25<00:18, 45.48it/s]
 57%|█████▋    | 1141/2000 [00:25<00:18, 45.40it/s]
 57%|█████▋    | 1147/2000 [00:26<00:17, 48.52it/s]
 58%|█████▊    | 1152/2000 [00:26<00:17, 47.86it/s]
 58%|█████▊    | 1157/2000 [00:26<00:20, 40.30it/s]
 58%|█████▊    | 1162/2000 [00:26<00:19, 42.59it/s]
 58%|█████▊    | 1168/2000 [00:26<00:18, 45.26it/s]
 59%|█████▊    | 1174/2000 [00:26<00:16, 48.92it/s]
 59%|█████▉    | 1180/2000 [00:26<00:15, 51.92it/s]
 59%|█████▉    | 1186/2000 [00:26<00:15, 51.34it/s]
 60%|█████▉    | 1192/2000 [00:26<00:16, 49.66it/s]
 60%|█████▉    | 1198/2000 [00:27<00:15, 51.10it/s]
 60%|██████    | 1204/2000 [00:27<00:15, 51.47it/s]
 60%|██████    | 1210/2000 [00:27<00:15, 51.24it/s]
 61%|██████    | 1216/2000 [00:27<00:15, 50.55it/s]
 61%|██████    | 1222/2000 [00:27<00:19, 40.25it/s]
 61%|██████▏   | 1228/2000 [00:27<00:17, 43.92it/s]
 62%|██████▏   | 1234/2000 [00:27<00:16, 46.59it/s]
 62%|██████▏   | 1239/2000 [00:28<00:19, 39.21it/s]
 62%|██████▏   | 1244/2000 [00:28<00:18, 40.98it/s]
 62%|██████▏   | 1249/2000 [00:28<00:17, 42.38it/s]
 63%|██████▎   | 1254/2000 [00:28<00:16, 44.02it/s]
 63%|██████▎   | 1259/2000 [00:28<00:16, 44.40it/s]
 63%|██████▎   | 1264/2000 [00:28<00:16, 45.13it/s]
 64%|██████▎   | 1270/2000 [00:28<00:15, 47.72it/s]
 64%|██████▍   | 1275/2000 [00:28<00:15, 47.88it/s]
 64%|██████▍   | 1281/2000 [00:29<00:18, 39.76it/s]
 64%|██████▍   | 1287/2000 [00:29<00:16, 42.87it/s]
 65%|██████▍   | 1293/2000 [00:29<00:15, 45.27it/s]
 65%|██████▍   | 1299/2000 [00:29<00:14, 47.57it/s]
 65%|██████▌   | 1304/2000 [00:29<00:14, 47.55it/s]
 66%|██████▌   | 1310/2000 [00:29<00:13, 50.68it/s]
 66%|██████▌   | 1316/2000 [00:29<00:13, 50.38it/s]
 66%|██████▌   | 1322/2000 [00:29<00:13, 50.17it/s]
 66%|██████▋   | 1328/2000 [00:29<00:13, 50.41it/s]
 67%|██████▋   | 1334/2000 [00:30<00:13, 49.84it/s]
 67%|██████▋   | 1340/2000 [00:30<00:12, 50.87it/s]
 67%|██████▋   | 1346/2000 [00:30<00:16, 40.19it/s]
 68%|██████▊   | 1351/2000 [00:30<00:16, 40.29it/s]
 68%|██████▊   | 1356/2000 [00:30<00:15, 41.87it/s]
 68%|██████▊   | 1362/2000 [00:30<00:13, 45.73it/s]
 68%|██████▊   | 1368/2000 [00:30<00:13, 48.13it/s]
 69%|██████▊   | 1373/2000 [00:30<00:12, 48.58it/s]
 69%|██████▉   | 1379/2000 [00:31<00:12, 50.67it/s]
 69%|██████▉   | 1385/2000 [00:31<00:12, 49.55it/s]
 70%|██████▉   | 1391/2000 [00:31<00:12, 48.26it/s]
 70%|██████▉   | 1397/2000 [00:31<00:12, 49.43it/s]
 70%|███████   | 1402/2000 [00:31<00:12, 49.22it/s]
 70%|███████   | 1408/2000 [00:31<00:11, 51.65it/s]
 71%|███████   | 1414/2000 [00:31<00:13, 43.25it/s]
 71%|███████   | 1420/2000 [00:31<00:12, 45.46it/s]
 71%|███████▏  | 1425/2000 [00:32<00:12, 46.43it/s]
 72%|███████▏  | 1431/2000 [00:32<00:12, 47.06it/s]
 72%|███████▏  | 1437/2000 [00:32<00:11, 49.74it/s]
 72%|███████▏  | 1443/2000 [00:32<00:11, 49.10it/s]
 72%|███████▏  | 1449/2000 [00:32<00:10, 50.88it/s]
 73%|███████▎  | 1455/2000 [00:32<00:10, 50.80it/s]
 73%|███████▎  | 1461/2000 [00:32<00:10, 51.57it/s]
 73%|███████▎  | 1467/2000 [00:32<00:10, 51.96it/s]
 74%|███████▎  | 1473/2000 [00:33<00:12, 42.25it/s]
 74%|███████▍  | 1479/2000 [00:33<00:11, 44.32it/s]
 74%|███████▍  | 1484/2000 [00:33<00:11, 43.19it/s]
 74%|███████▍  | 1489/2000 [00:33<00:12, 41.55it/s]
 75%|███████▍  | 1495/2000 [00:33<00:11, 44.92it/s]
 75%|███████▌  | 1501/2000 [00:33<00:10, 46.31it/s]
 75%|███████▌  | 1506/2000 [00:33<00:10, 47.04it/s]
 76%|███████▌  | 1512/2000 [00:33<00:10, 48.59it/s]
 76%|███████▌  | 1518/2000 [00:33<00:09, 49.24it/s]
 76%|███████▌  | 1524/2000 [00:34<00:09, 49.58it/s]
 76%|███████▋  | 1529/2000 [00:34<00:09, 49.47it/s]
 77%|███████▋  | 1534/2000 [00:34<00:09, 48.28it/s]
 77%|███████▋  | 1539/2000 [00:34<00:12, 38.05it/s]
 77%|███████▋  | 1544/2000 [00:34<00:12, 36.17it/s]
 78%|███████▊  | 1550/2000 [00:34<00:11, 40.25it/s]
 78%|███████▊  | 1555/2000 [00:34<00:10, 41.86it/s]
 78%|███████▊  | 1561/2000 [00:35<00:10, 43.72it/s]
 78%|███████▊  | 1567/2000 [00:35<00:09, 47.47it/s]
 79%|███████▊  | 1573/2000 [00:35<00:08, 49.27it/s]
 79%|███████▉  | 1579/2000 [00:35<00:08, 47.02it/s]
 79%|███████▉  | 1584/2000 [00:35<00:09, 45.58it/s]
 79%|███████▉  | 1589/2000 [00:35<00:08, 46.31it/s]
 80%|███████▉  | 1594/2000 [00:35<00:08, 45.24it/s]
 80%|███████▉  | 1599/2000 [00:35<00:08, 45.57it/s]
 80%|████████  | 1604/2000 [00:36<00:10, 38.07it/s]
 80%|████████  | 1609/2000 [00:36<00:09, 40.58it/s]
 81%|████████  | 1614/2000 [00:36<00:09, 41.67it/s]
 81%|████████  | 1619/2000 [00:36<00:08, 43.44it/s]
 81%|████████  | 1624/2000 [00:36<00:08, 45.00it/s]
 82%|████████▏ | 1630/2000 [00:36<00:07, 47.24it/s]
 82%|████████▏ | 1635/2000 [00:36<00:07, 46.42it/s]
 82%|████████▏ | 1640/2000 [00:36<00:08, 43.23it/s]
 82%|████████▏ | 1646/2000 [00:36<00:07, 47.04it/s]
 83%|████████▎ | 1651/2000 [00:37<00:07, 47.29it/s]
 83%|████████▎ | 1657/2000 [00:37<00:07, 48.56it/s]
 83%|████████▎ | 1663/2000 [00:37<00:06, 50.45it/s]
 83%|████████▎ | 1669/2000 [00:37<00:07, 41.70it/s]
 84%|████████▍ | 1675/2000 [00:37<00:07, 44.65it/s]
 84%|████████▍ | 1681/2000 [00:37<00:06, 46.07it/s]
 84%|████████▍ | 1686/2000 [00:37<00:06, 47.00it/s]
 85%|████████▍ | 1693/2000 [00:37<00:06, 50.57it/s]
 85%|████████▍ | 1699/2000 [00:38<00:05, 50.60it/s]
 85%|████████▌ | 1705/2000 [00:38<00:06, 48.20it/s]
 86%|████████▌ | 1711/2000 [00:38<00:05, 48.19it/s]
 86%|████████▌ | 1717/2000 [00:38<00:05, 50.49it/s]
 86%|████████▌ | 1723/2000 [00:38<00:05, 49.79it/s]
 86%|████████▋ | 1729/2000 [00:38<00:06, 40.79it/s]
 87%|████████▋ | 1735/2000 [00:38<00:06, 43.98it/s]
 87%|████████▋ | 1741/2000 [00:38<00:05, 44.37it/s]
 87%|████████▋ | 1747/2000 [00:39<00:05, 46.42it/s]
 88%|████████▊ | 1753/2000 [00:39<00:05, 48.51it/s]
 88%|████████▊ | 1759/2000 [00:39<00:04, 49.97it/s]
 88%|████████▊ | 1765/2000 [00:39<00:04, 49.97it/s]
 89%|████████▊ | 1771/2000 [00:39<00:04, 52.04it/s]
 89%|████████▉ | 1777/2000 [00:39<00:04, 51.66it/s]
 89%|████████▉ | 1783/2000 [00:39<00:04, 52.64it/s]
 89%|████████▉ | 1789/2000 [00:39<00:03, 53.56it/s]
 90%|████████▉ | 1795/2000 [00:40<00:04, 43.22it/s]
 90%|█████████ | 1801/2000 [00:40<00:04, 44.47it/s]
 90%|█████████ | 1807/2000 [00:40<00:04, 46.52it/s]
 91%|█████████ | 1812/2000 [00:40<00:04, 46.06it/s]
 91%|█████████ | 1817/2000 [00:40<00:04, 45.75it/s]
 91%|█████████ | 1822/2000 [00:40<00:03, 45.96it/s]
 91%|█████████▏| 1828/2000 [00:40<00:03, 48.46it/s]
 92%|█████████▏| 1834/2000 [00:40<00:03, 49.64it/s]
 92%|█████████▏| 1840/2000 [00:40<00:03, 49.79it/s]
 92%|█████████▏| 1846/2000 [00:41<00:03, 49.33it/s]
 93%|█████████▎| 1851/2000 [00:41<00:03, 48.37it/s]
 93%|█████████▎| 1857/2000 [00:41<00:03, 42.27it/s]
 93%|█████████▎| 1862/2000 [00:41<00:03, 43.38it/s]
 93%|█████████▎| 1868/2000 [00:41<00:02, 46.84it/s]
 94%|█████████▎| 1873/2000 [00:41<00:02, 47.21it/s]
 94%|█████████▍| 1879/2000 [00:41<00:02, 49.05it/s]
 94%|█████████▍| 1885/2000 [00:41<00:02, 49.58it/s]
 95%|█████████▍| 1891/2000 [00:42<00:02, 50.17it/s]
 95%|█████████▍| 1897/2000 [00:42<00:01, 51.64it/s]
 95%|█████████▌| 1903/2000 [00:42<00:01, 50.94it/s]
 95%|█████████▌| 1909/2000 [00:42<00:01, 51.61it/s]
 96%|█████████▌| 1915/2000 [00:42<00:01, 51.65it/s]
 96%|█████████▌| 1921/2000 [00:42<00:01, 43.59it/s]
 96%|█████████▋| 1927/2000 [00:42<00:01, 46.00it/s]
 97%|█████████▋| 1933/2000 [00:42<00:01, 47.85it/s]
 97%|█████████▋| 1939/2000 [00:43<00:01, 48.32it/s]
 97%|█████████▋| 1944/2000 [00:43<00:01, 44.82it/s]
 97%|█████████▋| 1949/2000 [00:43<00:01, 42.86it/s]
 98%|█████████▊| 1955/2000 [00:43<00:00, 45.18it/s]
 98%|█████████▊| 1960/2000 [00:43<00:00, 43.60it/s]
 98%|█████████▊| 1965/2000 [00:43<00:00, 42.47it/s]
 99%|█████████▊| 1971/2000 [00:43<00:00, 45.52it/s]
 99%|█████████▉| 1977/2000 [00:43<00:00, 47.92it/s]
 99%|█████████▉| 1983/2000 [00:44<00:00, 48.96it/s]
 99%|█████████▉| 1988/2000 [00:44<00:00, 40.32it/s]
100%|█████████▉| 1994/2000 [00:44<00:00, 44.08it/s]
100%|██████████| 2000/2000 [00:44<00:00, 46.29it/s]
                                                   

  0%|          | 0/2000 [00:00<?, ?it/s]
  0%|          | 1/2000 [00:00<04:01,  8.27it/s]
  0%|          | 5/2000 [00:00<01:18, 25.41it/s]
  0%|          | 8/2000 [00:00<01:16, 26.13it/s]
  1%|          | 12/2000 [00:00<01:09, 28.67it/s]
  1%|          | 17/2000 [00:00<00:56, 35.16it/s]
  1%|          | 22/2000 [00:00<00:49, 39.80it/s]
  1%|▏         | 27/2000 [00:00<00:46, 42.69it/s]
  2%|▏         | 32/2000 [00:00<00:44, 43.84it/s]
  2%|▏         | 38/2000 [00:00<00:40, 48.06it/s]
  2%|▏         | 43/2000 [00:01<00:41, 46.87it/s]
  2%|▏         | 49/2000 [00:01<00:40, 48.59it/s]
  3%|▎         | 55/2000 [00:01<00:38, 49.89it/s]
  3%|▎         | 61/2000 [00:01<00:38, 50.28it/s]
  3%|▎         | 67/2000 [00:01<00:46, 41.95it/s]
  4%|▎         | 72/2000 [00:01<00:44, 43.78it/s]
  4%|▍         | 78/2000 [00:01<00:41, 46.00it/s]
  4%|▍         | 84/2000 [00:01<00:40, 47.35it/s]
  4%|▍         | 89/2000 [00:02<00:39, 47.85it/s]
  5%|▍         | 95/2000 [00:02<00:39, 48.80it/s]
  5%|▌         | 101/2000 [00:02<00:38, 49.07it/s]
  5%|▌         | 107/2000 [00:02<00:36, 51.20it/s]
  6%|▌         | 113/2000 [00:02<00:37, 50.65it/s]
  6%|▌         | 119/2000 [00:02<00:35, 52.32it/s]
  6%|▋         | 125/2000 [00:02<00:35, 52.33it/s]
  7%|▋         | 131/2000 [00:02<00:44, 42.10it/s]
  7%|▋         | 136/2000 [00:03<00:42, 43.69it/s]
  7%|▋         | 142/2000 [00:03<00:39, 46.56it/s]
  7%|▋         | 148/2000 [00:03<00:38, 48.50it/s]
  8%|▊         | 154/2000 [00:03<00:38, 48.24it/s]
  8%|▊         | 159/2000 [00:03<00:38, 48.37it/s]
  8%|▊         | 164/2000 [00:03<00:38, 48.10it/s]
  8%|▊         | 169/2000 [00:03<00:38, 47.06it/s]
  9%|▊         | 174/2000 [00:03<00:38, 47.06it/s]
  9%|▉         | 180/2000 [00:03<00:36, 49.59it/s]
  9%|▉         | 185/2000 [00:04<00:36, 49.37it/s]
 10%|▉         | 191/2000 [00:04<00:36, 50.22it/s]
 10%|▉         | 197/2000 [00:04<00:43, 41.92it/s]
 10%|█         | 202/2000 [00:04<00:41, 43.65it/s]
 10%|█         | 209/2000 [00:04<00:37, 48.07it/s]
 11%|█         | 214/2000 [00:04<00:37, 47.03it/s]
 11%|█         | 220/2000 [00:04<00:36, 49.40it/s]
 11%|█▏        | 226/2000 [00:04<00:35, 49.70it/s]
 12%|█▏        | 232/2000 [00:05<00:35, 49.82it/s]
 12%|█▏        | 238/2000 [00:05<00:35, 49.97it/s]
 12%|█▏        | 244/2000 [00:05<00:35, 49.60it/s]
 12%|█▎        | 250/2000 [00:05<00:34, 51.43it/s]
 13%|█▎        | 256/2000 [00:05<00:34, 51.26it/s]
 13%|█▎        | 262/2000 [00:05<00:41, 42.16it/s]
 13%|█▎        | 268/2000 [00:05<00:38, 45.52it/s]
 14%|█▎        | 273/2000 [00:05<00:37, 46.44it/s]
 14%|█▍        | 279/2000 [00:06<00:34, 49.42it/s]
 14%|█▍        | 285/2000 [00:06<00:39, 43.49it/s]
 14%|█▍        | 290/2000 [00:06<00:40, 42.09it/s]
 15%|█▍        | 295/2000 [00:06<00:41, 40.75it/s]
 15%|█▌        | 300/2000 [00:06<00:40, 41.80it/s]
 15%|█▌        | 305/2000 [00:06<00:41, 40.80it/s]
 16%|█▌        | 310/2000 [00:06<00:40, 41.78it/s]
 16%|█▌        | 315/2000 [00:06<00:39, 42.50it/s]
 16%|█▌        | 320/2000 [00:07<00:38, 44.15it/s]
 16%|█▋        | 325/2000 [00:07<00:44, 37.82it/s]
 17%|█▋        | 331/2000 [00:07<00:40, 41.19it/s]
 17%|█▋        | 337/2000 [00:07<00:37, 44.38it/s]
 17%|█▋        | 343/2000 [00:07<00:35, 46.87it/s]
 18%|█▊        | 350/2000 [00:07<00:31, 51.65it/s]
 18%|█▊        | 356/2000 [00:07<00:31, 51.98it/s]
 18%|█▊        | 362/2000 [00:07<00:31, 51.34it/s]
 18%|█▊        | 368/2000 [00:07<00:30, 52.72it/s]
 19%|█▊        | 374/2000 [00:08<00:31, 51.00it/s]
 19%|█▉        | 380/2000 [00:08<00:31, 51.21it/s]
 19%|█▉        | 386/2000 [00:08<00:37, 42.51it/s]
 20%|█▉        | 391/2000 [00:08<00:37, 42.47it/s]
 20%|█▉        | 396/2000 [00:08<00:36, 43.98it/s]
 20%|██        | 402/2000 [00:08<00:33, 47.52it/s]
 20%|██        | 408/2000 [00:08<00:32, 48.79it/s]
 21%|██        | 413/2000 [00:08<00:32, 49.01it/s]
 21%|██        | 419/2000 [00:09<00:31, 49.67it/s]
 21%|██▏       | 425/2000 [00:09<00:31, 50.80it/s]
 22%|██▏       | 431/2000 [00:09<00:31, 50.26it/s]
 22%|██▏       | 437/2000 [00:09<00:31, 49.35it/s]
 22%|██▏       | 442/2000 [00:09<00:34, 45.81it/s]
 22%|██▏       | 447/2000 [00:09<00:34, 44.94it/s]
 23%|██▎       | 452/2000 [00:09<00:45, 34.14it/s]
 23%|██▎       | 456/2000 [00:10<00:44, 34.72it/s]
 23%|██▎       | 460/2000 [00:10<00:43, 35.81it/s]
 23%|██▎       | 464/2000 [00:10<00:42, 36.17it/s]
 23%|██▎       | 468/2000 [00:10<00:42, 36.04it/s]
 24%|██▎       | 472/2000 [00:10<00:48, 31.62it/s]
 24%|██▍       | 476/2000 [00:10<00:51, 29.35it/s]
 24%|██▍       | 480/2000 [00:10<00:49, 30.91it/s]
 24%|██▍       | 484/2000 [00:10<00:53, 28.43it/s]
 24%|██▍       | 487/2000 [00:11<00:53, 28.40it/s]
 24%|██▍       | 490/2000 [00:11<00:52, 28.78it/s]
 25%|██▍       | 493/2000 [00:11<00:55, 27.39it/s]
 25%|██▍       | 496/2000 [00:11<00:55, 27.34it/s]
 25%|██▌       | 500/2000 [00:11<00:49, 30.19it/s]
 25%|██▌       | 505/2000 [00:11<00:44, 33.91it/s]
 26%|██▌       | 511/2000 [00:11<00:39, 37.96it/s]
 26%|██▌       | 515/2000 [00:11<00:49, 30.06it/s]
 26%|██▌       | 520/2000 [00:12<00:46, 32.08it/s]
 26%|██▌       | 524/2000 [00:12<00:44, 32.86it/s]
 26%|██▋       | 529/2000 [00:12<00:41, 35.82it/s]
 27%|██▋       | 533/2000 [00:12<00:40, 35.84it/s]
 27%|██▋       | 538/2000 [00:12<00:37, 38.86it/s]
 27%|██▋       | 543/2000 [00:12<00:36, 39.61it/s]
 27%|██▋       | 549/2000 [00:12<00:33, 43.08it/s]
 28%|██▊       | 554/2000 [00:12<00:33, 43.05it/s]
 28%|██▊       | 560/2000 [00:13<00:31, 46.21it/s]
 28%|██▊       | 566/2000 [00:13<00:29, 48.83it/s]
 29%|██▊       | 571/2000 [00:13<00:29, 49.13it/s]
 29%|██▉       | 577/2000 [00:13<00:34, 41.06it/s]
 29%|██▉       | 582/2000 [00:13<00:33, 42.68it/s]
 29%|██▉       | 588/2000 [00:13<00:30, 45.79it/s]
 30%|██▉       | 594/2000 [00:13<00:29, 47.46it/s]
 30%|███       | 600/2000 [00:13<00:28, 49.24it/s]
 30%|███       | 606/2000 [00:13<00:27, 50.77it/s]
 31%|███       | 612/2000 [00:14<00:27, 50.62it/s]
 31%|███       | 618/2000 [00:14<00:27, 51.11it/s]
 31%|███       | 624/2000 [00:14<00:26, 51.28it/s]
 32%|███▏      | 630/2000 [00:14<00:26, 51.43it/s]
 32%|███▏      | 636/2000 [00:14<00:26, 50.59it/s]
 32%|███▏      | 642/2000 [00:14<00:32, 41.54it/s]
 32%|███▏      | 648/2000 [00:14<00:30, 44.27it/s]
 33%|███▎      | 654/2000 [00:15<00:29, 46.41it/s]
 33%|███▎      | 660/2000 [00:15<00:28, 47.25it/s]
 33%|███▎      | 666/2000 [00:15<00:27, 48.15it/s]
 34%|███▎      | 671/2000 [00:15<00:27, 48.57it/s]
 34%|███▍      | 677/2000 [00:15<00:27, 48.84it/s]
 34%|███▍      | 683/2000 [00:15<00:26, 49.94it/s]
 34%|███▍      | 689/2000 [00:15<00:25, 50.98it/s]
 35%|███▍      | 695/2000 [00:15<00:25, 51.84it/s]
 35%|███▌      | 701/2000 [00:15<00:25, 51.21it/s]
 35%|███▌      | 707/2000 [00:16<00:29, 43.69it/s]
 36%|███▌      | 713/2000 [00:16<00:28, 45.02it/s]
 36%|███▌      | 719/2000 [00:16<00:27, 46.39it/s]
 36%|███▌      | 724/2000 [00:16<00:28, 45.47it/s]
 36%|███▋      | 730/2000 [00:16<00:26, 47.56it/s]
 37%|███▋      | 735/2000 [00:16<00:26, 47.75it/s]
 37%|███▋      | 741/2000 [00:16<00:25, 48.78it/s]
 37%|███▋      | 747/2000 [00:16<00:24, 50.21it/s]
 38%|███▊      | 753/2000 [00:17<00:24, 50.23it/s]
 38%|███▊      | 759/2000 [00:17<00:23, 51.72it/s]
 38%|███▊      | 765/2000 [00:17<00:24, 50.16it/s]
 39%|███▊      | 771/2000 [00:17<00:28, 42.99it/s]
 39%|███▉      | 777/2000 [00:17<00:26, 46.67it/s]
 39%|███▉      | 783/2000 [00:17<00:25, 48.47it/s]
 39%|███▉      | 789/2000 [00:17<00:24, 50.10it/s]
 40%|███▉      | 795/2000 [00:17<00:23, 51.68it/s]
 40%|████      | 801/2000 [00:18<00:22, 52.31it/s]
 40%|████      | 807/2000 [00:18<00:22, 52.96it/s]
 41%|████      | 813/2000 [00:18<00:22, 52.57it/s]
 41%|████      | 819/2000 [00:18<00:22, 53.20it/s]
 41%|████▏     | 825/2000 [00:18<00:21, 54.19it/s]
 42%|████▏     | 831/2000 [00:18<00:21, 53.41it/s]
 42%|████▏     | 837/2000 [00:18<00:25, 45.50it/s]
 42%|████▏     | 842/2000 [00:18<00:25, 45.18it/s]
 42%|████▏     | 847/2000 [00:18<00:25, 45.18it/s]
 43%|████▎     | 852/2000 [00:19<00:25, 45.26it/s]
 43%|████▎     | 858/2000 [00:19<00:23, 47.61it/s]
 43%|████▎     | 864/2000 [00:19<00:23, 49.16it/s]
 43%|████▎     | 869/2000 [00:19<00:23, 49.17it/s]
 44%|████▎     | 874/2000 [00:19<00:23, 48.02it/s]
 44%|████▍     | 880/2000 [00:19<00:22, 49.02it/s]
 44%|████▍     | 886/2000 [00:19<00:21, 51.33it/s]
 45%|████▍     | 893/2000 [00:19<00:20, 53.66it/s]
 45%|████▍     | 899/2000 [00:20<00:24, 44.86it/s]
 45%|████▌     | 905/2000 [00:20<00:23, 46.96it/s]
 46%|████▌     | 910/2000 [00:20<00:23, 47.31it/s]
 46%|████▌     | 916/2000 [00:20<00:22, 48.47it/s]
 46%|████▌     | 921/2000 [00:20<00:24, 44.62it/s]
 46%|████▋     | 926/2000 [00:20<00:24, 43.53it/s]
 47%|████▋     | 931/2000 [00:20<00:26, 40.34it/s]
 47%|████▋     | 936/2000 [00:20<00:27, 38.82it/s]
 47%|████▋     | 941/2000 [00:21<00:26, 39.43it/s]
 47%|████▋     | 945/2000 [00:21<00:26, 39.46it/s]
 47%|████▋     | 949/2000 [00:21<00:28, 36.81it/s]
 48%|████▊     | 954/2000 [00:21<00:27, 38.44it/s]
 48%|████▊     | 958/2000 [00:21<00:27, 38.11it/s]
 48%|████▊     | 962/2000 [00:21<00:32, 31.76it/s]
 48%|████▊     | 967/2000 [00:21<00:29, 34.65it/s]
 49%|████▊     | 972/2000 [00:21<00:28, 36.61it/s]
 49%|████▉     | 978/2000 [00:22<00:25, 40.13it/s]
 49%|████▉     | 984/2000 [00:22<00:23, 43.01it/s]
 Container ic2-app-1 Stopped 

[Kapp-1 exited with code 137
